Arcade Soccer,4th Dimension,ARCADE,1,0,C,,,4th Dimension,1,,,,,,,,,
E-Type,4th Dimension,ETYPE,1,0,C,,,4th Dimension,1,,,,,,,,,
Inertia,4th Dimension,INERTIA,1,0,C,,,4th Dimension,1,,,,,,,,,
Nevryon,4th Dimension,NEVRYON,1,2,C,,,4th Dimension,2,,,,,,,,,
Holed Out,4th Dimension,HOLED,2,0,C,,,4th Dimension,3,,,,,,,,,
Holed Out Extra Courses 1,4th Dimension,HOLEDX1,2,0,C,Holed Out Courses 1,,4th Dimension,3,,,,,,,,,
Holed Out Extra Courses 2,4th Dimension,HOLEDX2,2,0,C,Holed Out Courses 2,,4th Dimension,3,,,,,,,,,
UIM,4th Dimension,UIM,2,2,C,,,4th Dimension,4,,,,,,,,,
White Magic 2,4th Dimension,MAGIC,3,0,C,,,4th Dimension,5,,,,,,,,,
QMaster,4th Dimension,QM-LOAD,3,2,C,,,4th Dimension,6,,,,,,,,,
White Magic,4th Dimension,WHITEMA,3,2,C,,,4th Dimension,6,,,,,,,,,
Firetrack,Aardvark,FireTrk,4,0,C,,,Aardvark,7,,,,,,,,,
Frak,Aardvark,Frak!,4,0,C,,,Aardvark,7,,,,,,,,,
Zalaga,Aardvark,ZALOADA,4,0,C,,,Aardvark,7,,,,,,,,,
Boffin,AddictiveGames,BOFFIN,4,0,C,,,Addictive Games,7,,,,,,,,,
Boffin 2,AddictiveGames,BOFFIN2,4,0,C,,,Addictive Games,7,,,,,,,,,
Football Manager,AddictiveGames,FOOTldr,4,0,C,,,Addictive Games,7,,,,,,,,,
Web-War,Artic&UnicornSoftware,WWLOAD,4,0,C,,,Artic & Unicorn,7,,,,,,,,,
Space HiWay,Amcom,HI-WAY,4,2,C,,,Amcom,8,,,,,,,,,
The Great Wall,Artic&UnicornSoftware,TGW,4,2,C,,,Artic & Unicorn,8,,,,,,,,,
Woks,Artic&UnicornSoftware,WOKS,4,2,C,,,Artic & Unicorn,8,,,,,,,,,
Asteroids Deluxe,Atarisoft,AstDelX,4,2,C,,,Atarisoft,8,,,,,,,,,
Donkey Kong Jnr,Atarisoft,DKJR,4,2,C,,,Atarisoft,8,,,,,,,,,
Pole Position,Atarisoft,POLEPOS,4,2,C,,,Atarisoft,8,,,,,,,,,
Robotron 2084,Atarisoft,ROBOTRO,4,2,C,,,Atarisoft,8,,,,,,,,,
Breakout,Acornsoft,BREAKOT,5,0,C,,,Acornsoft,9,,,,,,,,,
Chess,Acornsoft,CHESS,5,0,C,,,Acornsoft,9,,,,,,,,,
Cube Master,Acornsoft,CUBE,5,0,C,,,Acornsoft,9,,,,,,,,,
Dodgems,Acornsoft,DODGEMS,5,0,C,,,Acornsoft,9,,,,,,,,,
Draughts,Acornsoft,DRAUGHT,5,0,C,,,Acornsoft,9,,,,,,,,,
Drogna,Acornsoft,DROGNA,5,0,C,,,Acornsoft,9,,,,,,,,,
Flight Simulation,Acornsoft,FLIGHT1,5,0,C,,,Acornsoft,9,,,,,,,,,
JCB Digger,Acornsoft,JCBDIG,5,0,C,,,Acornsoft,9,,,,,,,,,
Maze,Acornsoft,MAZE,5,0,C,,,Acornsoft,9,,,,,,,,,
Reversi,Acornsoft,REVERSI,5,0,C,,,Acornsoft,9,,,,,,,,,
Snake,Acornsoft,SNAKE,5,0,C,,,Acornsoft,9,,,,,,,,,
Space Invaders,Acornsoft,SPACE,5,0,C,,,Acornsoft,9,,,,,,,,,
Super Invaders,Acornsoft,INVADER,5,0,C,,,Acornsoft,9,,,,,,,,,
BlackBox,Acornsoft,BLACKBO,5,2,C,,,Acornsoft,10,,,,,,,,,
Free Fall,Acornsoft,FREEFAL,5,2,C,,,Acornsoft,10,,,,,,,,,
Gambit,Acornsoft,GAMBIT,5,2,C,,,Acornsoft,10,,,,,,,,,
Go,Acornsoft,Go,5,2,C,,,Acornsoft,10,,,,,,,,,
Missile Base,Acornsoft,MISBASE,5,2,C,,,Acornsoft,10,,,,,,,,,
Sliding Block Puzzles,Acornsoft,PUZZLE,5,2,C,Sliding Blocks,,Acornsoft,10,,,,,,,,,
Arcadians,Acornsoft,ARCADIA,6,0,C,,,Acornsoft,11,,,,,,,,,
Bandit,Acornsoft,BANDIT,6,0,C,,,Acornsoft,11,,,,,,,,,
Hopper,Acornsoft,HOPPER,6,0,C,,,Acornsoft,11,,,,,,,,,
Meteors,Acornsoft,Meteors,6,0,C,,,Acornsoft,11,,,,,,,,,
Monsters,Acornsoft,MONSTER,6,0,C,,,Acornsoft,11,,,,,,,,,
Planetoid,Acornsoft,PLANETO,6,0,C,,,Acornsoft,11,,,,,,,,,
Revs(6TracksHack),Acornsoft,REVS,6,0,C,Revs +,,Acornsoft,11,,,,,,,,,
Rocket Raid,Acornsoft,ROCKET,6,0,C,,,Acornsoft,11,,,,,,,,,
Snapper,Acornsoft,SNAPPER,6,0,C,,,Acornsoft,11,,,,,,,,,
Starship Command,Acornsoft,COMMAND,6,0,C,,,Acornsoft,11,,,,,,,,,
Aviator,Acornsoft,AVIATOR,6,2,C,,,Acornsoft,12,,,,,,,,,
Bouncer,Acornsoft,BOUNCER,6,2,C,,,Acornsoft,12,,,,,,,,,
Boxer,Acornsoft,BOXER,6,2,C,,,Acornsoft,12,,,,,,,,,
Carousel,Acornsoft,CAROUSL,6,2,C,,,Acornsoft,12,,,,,,,,,
Crazy Tracer,Acornsoft,TRACER,6,2,C,,,Acornsoft,12,,,,,,,,,
Firebug,Acornsoft,FIREBUG,6,2,C,,,Acornsoft,12,,,,,,,,,
Labyrinth,Acornsoft,LAB,6,2,C,,,Acornsoft,12,,,,,,,,,
Magic Mushrooms,Acornsoft,MAGIC,6,2,C,,,Acornsoft,12,,,,,,,,,
Meteor Mission,Acornsoft,METEOR,6,2,C,,,Acornsoft,12,,,,,,,,,
Snooker,Acornsoft,SNOOKER,6,2,C,,,Acornsoft,12,,,,,,,,,
Tetrapod,Acornsoft,TETRA,6,2,C,,,Acornsoft,12,,,,,,,,,
Volcano,Acornsoft,VOLCANO,6,2,C,,,Acornsoft,12,,,,,,,,,
Castle Of Riddles,Acornsoft,CORINS,7,0,S,Castle o Riddles,,Acornsoft,13,,,,,,,,,
Countdown To Doom,Acornsoft,CTDLOAD,7,0,S,Countdown Doom,,Acornsoft,13,,,,,,,,,
Kingdom Of Hamil,Acornsoft,KHINS,7,0,S,,,Acornsoft,13,,,,,,,,,
Philosopher's Quest,Acornsoft,PHIQINS,7,0,S,Philoso' Quest,,Acornsoft,13,,,,,,,,,
Sphinx Adventure,Acornsoft,SAINS,7,0,S,,,Acornsoft,13,,,,,,,,,
Gateway To Karos,Acornsoft,GTKINS,7,2,S,,,Acornsoft,14,,,,,,,,,
Quondam,Acornsoft,QUOINS,7,2,S,,,Acornsoft,14,,,,,,,,,
Seventh Star,Acornsoft,SEVINS,7,2,S,,,Acornsoft,14,,,,,,,,,
Adventureland,Adventure International,ADVENT,9,0,C,,,Adventure Intnl,15,,,,,,,,,
Ghost Town,Adventure International,GHOSTT,9,0,C,,,Adventure Intnl,15,,,,,,,,,
Golden Voyage,Adventure International,GOLDEN,9,0,C,,,Adventure Intnl,15,,,,,,,,,
Gremlins,Adventure International,GREMLIN,9,0,C,,,Adventure Intnl,15,,,,,,,,,
Mystery Fun House,Adventure International,FUN,9,0,C,,,Adventure Intnl,15,,,,,,,,,
Pirate Adventure,Adventure International,PIRATE,9,0,C,,,Adventure Intnl,15,,,,,,,,,
Robin Of Sherwood,Adventure International,ROBIN,9,0,C,,,Adventure Intnl,15,,,,,,,,,
The Count,Adventure International,COUNT,9,0,C,,,Adventure Intnl,15,,,,,,,,,
Questprobe(TheHulk),Adventure International,QP-ONE,9,2,C,,,Adventure Intnl,15,,,,,,,,,
Questprobe (HumanTorch),Adventure International,FOUR,9,2,C,,,Adventure Intnl,16,,,,,,,,,
Questprobe (SpiderMan),Adventure International,QSPIDR,9,2,C,,,Adventure Intnl,16,,,,,,,,,
Savage Island Part 1,Adventure International,SAVAGE,9,2,C,,,Adventure Intnl,16,,,,,,,,,
Savage Island Part 2,Adventure International,SAVAG2,9,2,C,,,Adventure Intnl,16,,,,,,,,,
Secret Mission,Adventure International,SECRET,9,2,C,,,Adventure Intnl,16,,,,,,,,,
Sorcerer Of Claymorgue Castle,Adventure International,SORCERU,9,2,C,,,Adventure Intnl,16,,,,,,,,,
Strange Odyssey,Adventure International,STRANGE,9,2,C,,,Adventure Intnl,16,,,,,,,,,
Voodoo Castle,Adventure International,VOODOO,9,2,C,,,Adventure Intnl,16,,,,,,,,,
Adventures Of Buckeroo Banzai,Adventure Soft UK,BUCKBZI,10,0,C,,,Adventure Soft UK,17,,,,,,,,,
Masters Of The Universe,Adventure Soft UK,MASTERU,10,0,C,,,Adventure Soft UK,17,,,,,,,,,
Rebel Planet,Adventure Soft UK,REBELP,10,0,C,,,Adventure Soft UK,17,,,,,,,,,
Temple Of Terror,Adventure Soft UK,TEMPLET,10,0,C,,,Adventure Soft UK,17,,,,,,,,,
Bored of the Rings,Silversoft,BORED,11,0,C,,,Silversoft,18,,,,,,,,,
French on the Run,Silversoft,FOTR,11,0,C,,,Silversoft,18,,,,,,,,,
ABM Command,Alligata,ABM,12,0,C,,,Alligata,19,,,,,,,,,
Blagger,Alligata,BLAGGER,12,0,C,,,Alligata,19,,,,,,,,,
Bug Blaster,Alligata,BUGBLAS,12,0,C,,,Alligata,19,,,,,,,,,
Dambusters,Alligata,DAMBUST,12,0,C,,,Alligata,19,,,,,,,,,
Space Ace,Alligata,SPACE,12,0,C,,,Alligata,19,,,,,,,,,
Video Fruit Machine,Alligata,FRUIT,12,0,C,,,Alligata,19,,,,,,,,,
Web Runner,Alligata,WEBRUN0,12,0,C,,,Alligata,19,,,,,,,,,
Contact Bridge,Alligata,ZBload,12,2,C,,,Alligata,20,,,,,,,,,
Cosmic Asteroids,Alligata,ASTER,12,2,C,,,Alligata,20,,,,,,,,,
Eagle Empire,Alligata,EAG,12,2,C,,,Alligata,20,,,,,,,,,
Monaco,Alligata,MONACO,12,2,C,,,Alligata,20,,,,,,,,,
Neanderthal Man,Alligata,NEAN-MA,12,2,C,,,Alligata,20,,,,,,,,,
Son Of Blagger,Alligata,SBLAG,12,2,C,,,Alligata,20,,,,,,,,,
Space Rescue,Alligata,RESCUE,12,2,C,,,Alligata,20,,,,,,,,,
Spitfire Simulator,Alligata,SPIT,12,2,C,,,Alligata,20,,,,,,,,,
Tarzan,Alligata,JUNGLE,12,2,C,,,Alligata,20,,,,,,,,,
Chichen-Itza,Alligata,ITZA,13,0,C,,,Alligata,21,,,,,,,,,
Growing Pains,Alligata,GARDEN,13,0,C,,,Alligata,21,,,,,,,,,
Guardian,Alligata,GUARD#1,13,0,C,,,Alligata,21,,,,,,,,,
Hell-Hole,Alligata,HELL-HO,13,0,C,,,Alligata,21,,,,,,,,,
Roboman,Alligata,ROBO1,13,0,C,,,Alligata,21,,,,,,,,,
Ultron,Alligata,ULTR0N,13,0,C,,,Alligata,21,,,,,,,,,
Uncle Claude,Alligata,CLAUDE,13,0,C,,,Alligata,21,,,,,,,,,
Videos Revenge,Alligata,VIDEO,13,0,C,,,Alligata,21,,,,,,,,,
Xanadu Cottage,Alligata,XANADU,13,0,C,,,Alligata,21,,,,,,,,,
Crown Jewels,Alligata,CROWNl,13,2,C,,,Alligata,22,,,,,,,,,
Diamond Pete,Alligata,DIAMOND,13,2,C,,,Alligata,22,,,,,,,,,
Q-Bix,Alligata,QBIX,13,2,C,,,Alligata,22,,,,,,,,,
Starship Discovery,Alligata,STARSHI,13,2,C,,,Alligata,22,,,,,,,,,
Olympic Decathlon,Alligata,DECATH,14,0,C,,,Alligata,23,,,,,,,,,
Who Dares Wins 2,Alligata,WDW,14,2,C,,,Alligata,24,,,,,,,,,
Dead Or Alive,AlternativeSoftware,DoA,15,0,C,,,Alternative,25,,,,,,,,,
Indoor Soccer,AlternativeSoftware,INDOOR,15,0,C,,,Alternative,25,,,,,,,,,
Licensed To Kill,AlternativeSoftware,L-T-L,15,0,C,,,Alternative,25,,,,,,,,,
Microball,AlternativeSoftware,PINBALL,15,0,C,,,Alternative,25,,,,,,,,,
Night Strike,AlternativeSoftware,NSLOADR,15,0,C,,,Alternative,25,,,,,,,,,
Rik The Roadie,AlternativeSoftware,RtR,15,0,C,,,Alternative,25,,,,,,,,,
Spheroids,AlternativeSoftware,SPHEROI,15,0,C,,,Alternative,25,,,,,,,,,
Crazy Erbert,AlternativeSoftware,ERLOAD,15,2,C,,,Alternative,26,,,,,,,,,
Grid Iron 2,AlternativeSoftware,GI,15,2,C,,,Alternative,26,,,,,,,,,
Lunar Invasion,AlternativeSoftware,INVADE,15,2,C,,,Alternative,26,,,,,,,,,
Soccer Boss,AlternativeSoftware,SOCCERB,15,2,C,,,Alternative,26,,,,,,,,,
Video Pinball,AlternativeSoftware,VLOAD,15,2,C,,,Alternative,26,,,,,,,,,
180 Darts,A&F,180DART,16,0,C,,,A&F,27,,,,,,,,,
Bouncer,A&F,BLOAD,16,0,C,,,A&F,27,,,,,,,,,
Chuckie Egg,A&F,CHUCKIE,16,0,C,,,A&F,27,,,,,,,,,
Copter Caper,A&F,CCAPER,16,0,C,,,A&F,27,,,,,,,,,
Cylon Attack,A&F,CYLON,16,0,C,,,A&F,27,,,,,,,,,
Frogger,A&F,FROGGER,16,0,C,,,A&F,27,,,,,,,,,
Lunar Lander,A&F,LUNAR,16,0,C,,,A&F,27,,,,,,,,,
Orpheus Underworld,A&F,ORPHEUS,16,0,C,,,A&F,27,,,,,,,,,
Painter,A&F,PAINTER,16,0,C,,,A&F,27,,,,,,,,,
Pharaohs Tomb,A&F,PHTOMB,16,0,C,,,A&F,27,,,,,,,,,
Planes,A&F,PLANESL,16,0,C,,,A&F,27,,,,,,,,,
Tower Of Alos,A&F,TOA-I,16,0,C,,,A&F,27,,,,,,,,,
Chuckie 2009,A&F,CHUCKUP,16,2,C,,,A&F,28,,,,,,,,,
Chukee The Upgrade,A&F,CHUKEE,16,2,C,Chukee Upgrade,,A&F,28,,,,,,,,,
Cricket,A&F,HOWSZAT,16,2,C,,,A&F,28,,,,,,,,,
Haunted Abbey,A&F,ABBEY,16,2,C,,,A&F,28,,,,,,,,,
Horror Castle,A&F,H-CASTL,16,2,S,,,A&F,28,,,,,,,,,
Shrinking Professors Quest,A&F,SH-PROF,16,2,C,Shrink ProfQuest,,A&F,28,,,,,,,,,
Asteroid Lander,Argus Press Software,ASTEROI,17,0,C,,,Argus Press Soft,29,,,,,,,,,
Cells And Serpents,Argus Press Software,CELLS,17,0,C,,,Argus Press Soft,29,,,,,,,,,
Conquering Everest,Argus Press Software,EVEREST,17,0,C,,,Argus Press Soft,29,,,,,,,,,
Demon Knight,Argus Press Software,DKINST,17,0,C,,,Argus Press Soft,29,,,,,,,,,
Detective,Argus Press Software,DETECTV,17,0,C,,,Argus Press Soft,29,,,,,,,,,
Fall Of Rome,Argus Press Software,ROMINST,17,0,C,,,Argus Press Soft,29,,,,,,,,,
Froglet,Argus Press Software,FROGLET,17,0,C,,,Argus Press Soft,29,,,,,,,,,
Planetfall,Argus Press Software,PFALL,17,0,C,,,Argus Press Soft,29,,,,,,,,,
Plastered Postman,Argus Press Software,POSTMAN,17,0,C,,,Argus Press Soft,29,,,,,,,,,
Stock Market,Argus Press Software,STOCKS,17,0,C,,,Argus Press Soft,29,,,,,,,,,
Strategy I Invasion,Argus Press Software,INVASIN,17,0,C,Strategy I ,,Argus Press Soft,29,,,,,,,,,
Strategy II Hunt The Bismark,Argus Press Software,BISMARK,17,0,C,Strategy II,,Argus Press Soft,29,,,,,,,,,
The Valley,Argus Press Software,VALLEY,17,0,C,,,Argus Press Soft,29,,,,,,,,,
White Barrows,Argus Press Software,WHITE,17,0,C,,,Argus Press Soft,29,,,,,,,,,
Anarchy Zone,Atlantis,ZONE,18,0,C,,,Atlantis,30,,,,,,,,,
Cops n Robbers,Atlantis,COPnROB,18,0,C,,,Atlantis,30,,,,,,,,,
Creepy Cave,Atlantis,CREEPY,18,0,C,,,Atlantis,30,,,,,,,,,
Golden Figurine,Atlantis,FIG-1,18,0,C,,,Atlantis,30,,,,,,,,,
League Challenge,Atlantis,LEAGUE,18,0,C,,,Atlantis,30,,,,,,,,,
Panik,Atlantis,PANIK,18,0,C,,,Atlantis,30,,,,,,,,,
StormCycle,Atlantis,STORMC,18,0,C,,,Atlantis,30,,,,,,,,,
Survivors,Atlantis,SURVVR,18,0,C,,,Atlantis,30,,,,,,,,,
Crack-Up,Atlantis,CRACKUP,18,2,C,,,Atlantis,31,,,,,,,,,
Gunfighter,Atlantis,GFIGHTR,18,2,C,,,Atlantis,31,,,,,,,,,
Hobgoblin,Atlantis,HOBGOBL,18,2,C,,,Atlantis,31,,,,,,,,,
Hobgoblin 2,Atlantis,HOBGOB2,18,2,C,,,Atlantis,31,,,,,,,,,
ProGolf,Atlantis,PROGOLF,18,2,C,,,Atlantis,31,,,,,,,,,
Bugeyes II,Audiogenic,BUGEYES,19,2,C,,,Audiogenic,31,,,,,,,,,
Despatch Rider,Audiogenic,Drider,19,0,C,,,Audiogenic,32,,,,,,,,,
Genesis Project,Audiogenic,GENESIS,19,0,C,,,Audiogenic,32,,,,,,,,,
Stix,Audiogenic,STIX,19,0,C,,,Audiogenic,32,,,,,,,,,
Thunderstruck,Audiogenic,THUNDER,19,0,C,,,Audiogenic,32,,,,,,,,,
Wizzys Mansion,Audiogenic,WIZZY,19,0,C,,,Audiogenic,32,,,,,,,,,
Froot Raid,Audiogenic,FROOT,20,0,C,,,Audiogenic,33,,,,,,,,,
Impact,Audiogenic,IMPACT,20,0,C,,,Audiogenic,33,,,,,,,,,
Omega Orb,Audiogenic,OMEGORB,20,0,C,,,Audiogenic,33,,,,,,,,,
Ransack,Audiogenic,RANSACK,20,0,C,,,Audiogenic,33,,,,,,,,,
Sphere Of Destiny,Audiogenic,SOD,20,0,C,Sphere/Destiny,,Audiogenic,33,,,,,,,,,
Sphere Of Destiny 2,Audiogenic,SOD21,20,0,C,Sphere/Destiny2,,Audiogenic,33,,,,,,,,,
Last of the Free,Audiogenic,LAST,19,2,C,,,Audiogenic,34,,,,,,,,,
Psycastria,Audiogenic,PSYCAST,19,2,C,,,Audiogenic,34,,,,,,,,,
Psycastria 2,Audiogenic,PSYCAS2,19,2,C,,,Audiogenic,34,,,,,,,,,
Space Ranger,Audiogenic,RANGER,19,2,C,,,Audiogenic,34,,,,,,,,,
ThunderstruckII,Audiogenic,MIND,19,2,C,,,Audiogenic,34,,,,,,,,,
Blast,Audiogenic,BLAST!,20,2,C,,,Audiogenic,35,,,,,,,,,
Breakthrough,Audiogenic,BREAKTH,20,2,C,,,Audiogenic,35,,,,,,,,,
Graham Goochs Test Cricket,Audiogenic,GRAHAM,20,2,C,Gooch's Cricket,,Audiogenic,35,,,,,,,,,
HelterSkelter,Audiogenic,HSLOADR,20,2,C,,,Audiogenic,35,,,,,,,,,
Saracoid,Audiogenic,SRACOID,20,2,C,,,Audiogenic,35,,,,,,,,,
SubHunt,Betasoft,S1,22,0,C,,,Betasoft,36,,,,,,,,,
Aabatron,BevanTechnology,AABAATRO,22,0,C,,,Bevan Technology,36,,,,,,,,,
April Showers,BevanTechnology,April,22,0,C,,,Bevan Technology,36,,,,,,,,,
Mayday,BevanTechnology,Mayday,22,0,C,,,Bevan Technology,36,,,,,,,,,
One Last Game,BevanTechnology,OLG,22,0,C,,,Bevan Technology,36,,,,,,,,,
Pay Off,Bignose Software,PAYOFF,22,0,C,,,Bignose Software,36,,,,,,,,,
Enigma,Brainbox Software,ENIGMA,22,0,C,,,Brainbox Software,36,,,,,,,,,
Xadomy,Brassington,XADOMY,22,0,C,,,Brassington,36,,,,,,,,,
Play Your Cards Right,Britannia,PYCR,22,0,C,,,Britannia,36,,,,,,,,,
Starquake,Bubble Bus,STQUAKE,22,0,C,,,Bubble Bus,36,,,,,,,,,
Bat n Ball,BBC Soft,BATBALL,23,0,C,,,BBC Soft,37,,,,,,,,,
Breakout,BBC Soft,BREAKOU,23,0,C,,,BBC Soft,37,,,,,,,,,
Dice Game,BBC Soft,DIVERUL,23,0,C,,,BBC Soft,37,,,,,,,,,
Dodgems,BBC Soft,DODGEMS,23,0,C,,,BBC Soft,37,,,,,,,,,
Flash,BBC Soft,FLASH,23,0,C,,,BBC Soft,37,,,,,,,,,
Galaxy,BBC Soft,GALAXY,23,0,C,,,BBC Soft,37,,,,,,,,,
Gomoku,BBC Soft,GOMOKU,23,0,C,,,BBC Soft,37,,,,,,,,,
Loco Motion,BBC Soft,LOCOMOT,23,0,C,,,BBC Soft,37,,,,,,,,,
Masterbrain,BBC Soft,MASTERL,23,0,C,,,BBC Soft,37,,,,,,,,,
NoughtsAndCrosses,BBC Soft,POOOXXX,23,0,C,Noughts & Crosses,,BBC Soft,37,,,,,,,,,
Patience,BBC Soft,PATIRUL,23,0,C,,,BBC Soft,37,,,,,,,,,
Reversi,BBC Soft,REVERSI,23,0,C,,,BBC Soft,37,,,,,,,,,
Snake,BBC Soft,SNAKE,23,0,C,,,BBC Soft,37,,,,,,,,,
White Knight MK11,BBC Soft,WHKN11,23,0,C,White Knight 11,,BBC Soft,37,,,,,,,,,
White Knight MK12,BBC Soft,WHKN12,23,0,C,White Knight 12,,BBC Soft,37,,,,,,,,,
Yellow River Kingdom,BBC Soft,KINGDOM,23,0,C,Yellow River,,BBC Soft,37,,,,,,,,,
Doctor Who The First Adventure,BBC Soft,INTRO,24,0,C,DrWho - First Adv,,BBC Soft,248,,,,,,,,,
Battle Of Britain,Betasoft,BRITAIN,22,2,C,,,Betasoft,249,,,,,,,,,
Blockade,Betasoft,BLOCKDE,22,2,C,,,Betasoft,249,,,,,,,,,
Scoop,British Telecom,SCOOP,22,2,C,,,British Telecom,248,,,,,,,,,
Adventure,BBC Soft,ADVENT,23,2,C,,,BBC Soft,38,,,,,,,,,
Aqua Attack,BBC Soft,ATTACK,23,2,C,,,BBC Soft,38,,,,,,,,,
Battlefields,BBC Soft,TITLE,23,2,C,,,BBC Soft,38,,,,,,,,,
Black Queen,BBC Soft,COPYRT,23,2,C,,,BBC Soft,38,,,,,,,,,
Canyon Battle,BBC Soft,CANATT,23,2,C,,,BBC Soft,38,,,,,,,,,
Alien Destroyer,Beebug,ALIEN,25,0,C,,,Beebug,39,,,,,,,,,
Astro Tracker,Beebug,ASTRO1,25,0,C,,,Beebug,39,,,,,,,,,
Cylon Attack,Beebug,CYLON,25,0,C,,,Beebug,39,,,,,,,,,
Honest Joe,Beebug,HONJOE,25,0,C,,,Beebug,39,,,,,,,,,
Magic Eel,Beebug,MAGIC-E,25,0,C,,,Beebug,39,,,,,,,,,
Mindbender,Beebug,MINDBR,25,0,C,,,Beebug,39,,,,,,,,,
Omega,Beebug,OMEGA,25,0,C,,,Beebug,39,,,,,,,,,
ShapeMatch,Beebug,SHAPEMA,25,0,C,,,Beebug,39,,,,,,,,,
Snorter,Beebug,SNORTER,25,0,C,,,Beebug,39,,,,,,,,,
Splat The Rat,Beebug,RAT-SPL,25,0,C,,,Beebug,39,,,,,,,,,
Starfire,Beebug,STARFIR,25,0,C,,,Beebug,39,,,,,,,,,
Swarmers Revenge,Beebug,SWARMER,25,0,C,,,Beebug,39,,,,,,,,,
3D Dotty,Blue Ribbon,3DDOTTY,26,0,C,,,Blue Ribbon,40,,,,,,,,,
Astro Plumber,Blue Ribbon,ASPLUMB,26,0,C,,,Blue Ribbon,40,,,,,,,,,
Bar Billiards,Blue Ribbon,BAR,26,0,C,,,Blue Ribbon,40,,,,,,,,,
Condition Red,Blue Ribbon,RED1,26,0,C,,,Blue Ribbon,40,,,,,,,,,
Diamond Mine 2,Blue Ribbon,DIAMOND,26,0,C,,,Blue Ribbon,40,,,,,,,,,
Dominoes,Blue Ribbon,DOMS,26,0,C,,,Blue Ribbon,40,,,,,,,,,
Hangman,Blue Ribbon,HANGMAN,26,0,C,,,Blue Ribbon,40,,,,,,,,,
Mango,Blue Ribbon,MANGO,26,0,C,,,Blue Ribbon,40,,,,,,,,,
Video Card Arcade,Blue Ribbon,VCA,26,0,C,,,Blue Ribbon,40,,,,,,,,,
Hi-Q Quiz,Blue Ribbon,HIQUIZ,26,2,C,,,Blue Ribbon,41,,,,,,,,,
Joey,Blue Ribbon,JOEY,26,2,C,,,Blue Ribbon,41,,,,,,,,,
Ravage,Blue Ribbon,RAVAGE,26,2,C,,,Blue Ribbon,41,,,,,,,,,
Return Of R2,Blue Ribbon,RETURN,26,2,C,,,Blue Ribbon,41,,,,,,,,,
Spooksville,Blue Ribbon,SPOOKSV,26,2,C,,,Blue Ribbon,41,,,,,,,,,
System 8,Blue Ribbon,SYS8LDR,26,2,C,,,Blue Ribbon,41,,,,,,,,,
Turf-Form,Blue Ribbon,TURFLDR,26,2,C,,,Blue Ribbon,41,,,,,,,,,
Airlift,BugByte,AIRL,27,0,C,,,Bug Byte,42,,,,,,,,,
City Defence,BugByte,CITY,27,0,C,,,Bug Byte,42,,,,,,,,,
Dragon Quest,BugByte,DRAGON,27,0,C,,,Bug Byte,42,,,,,,,,,
Galaxy Wars,BugByte,GALAXYW,27,0,C,,,Bug Byte,42,,,,,,,,,
Oblivion,BugByte,OBLIVIO,27,0,C,,,Bug Byte,42,,,,,,,,,
Pirates In Space,BugByte,PIRATES,27,0,C,,,Bug Byte,42,,,,,,,,,
Polaris,BugByte,POLARIS,27,0,C,,,Bug Byte,42,,,,,,,,,
SeaLord,BugByte,SEALORD,27,0,C,,,Bug Byte,42,,,,,,,,,
Space Invaders,BugByte,INVADER,27,0,C,,,Bug Byte,42,,,,,,,,,
Space Warp,BugByte,W1A,27,0,C,,,Bug Byte,42,,,,,,,,,
Twin Kingdom Valley,BugByte,TWIN,27,0,C,,,Bug Byte,42,,,,,,,,,
BeebChess,BugByte,BEEBCHE,27,2,S,,,Bug Byte,43,,,,,,,,,
Beebgammon,BugByte,BEEBGAM,27,2,C,BeebGammon,,Bug Byte,43,,,,,,,,,who 
Cricket,BugByte,CRICKET,27,2,S,,,Bug Byte,43,,,,,,,,,
Dog Fight,BugByte,DFIGHT,27,2,C,,,Bug Byte,43,,,,,,,,,
Golf,BugByte,GOLF,27,2,C,,,Bug Byte,43,,,,,,,,,
Ice Hockey,BugByte,ICE,27,2,S,,,Bug Byte,43,,,,,,,,,
Jack Attack,BugByte,JATTAC,27,2,C,,,Bug Byte,43,,,,,,,,,
Micro Derby,BugByte,DERBY,27,2,C,,,Bug Byte,43,,,,,,,,,
Old Father Time,BugByte,FANTASY,27,2,C,,,Bug Byte,43,,,,,,,,,
Roboto,BugByte,ROBOTO,27,2,C,,,Bug Byte,43,,,,,,,,,
Skyhawk,BugByte,SKYHAWK,27,2,S,,,Bug Byte,43,,,,,,,,,
Tennis,BugByte,TENNIS,27,2,S,,,Bug Byte,43,,,,,,,,,
Hunkidory,BugByte,HUNKY,28,0,C,,,Bug Byte,44,,,,,,,,,
Monkey Nuts,BugByte,MONKEYN,28,0,C,,,Bug Byte,44,,,,,,,,,
PlanB,BugByte,PLANB,28,0,C,,,Bug Byte,44,,,,,,,,,
PlanB2,BugByte,MUNPB2,28,0,C,,,Bug Byte,44,,,,,,,,,
Squeakaliser,BugByte,SQUEAK,28,0,C,,,Bug Byte,44,,,,,,,,,
Templeton,BugByte,TEMPLE,28,0,C,,,Bug Byte,44,,,,,,,,,
Megarok,BugByte,MEGAROK,28,2,C,,,Bug Byte,45,,,,,,,,,
Tutankhamun's Revenge,BugByte,TUTAREV,28,2,C,,,Bug Byte,45,,,,,,,,,
Uranians,BugByte,URANIANS,28,2,C,,,Bug Byte,45,,,,,,,,,
Abyss,CCS,ABYSS,29,0,C,,,CCS,46,,,,,,,,,
Airline,CCS,AIRLINE,29,0,C,,,CCS,46,,,,,,,,,
Battle1917,CCS,BATTLE,29,0,C,,,CCS,46,,,,,,,,,
CornCropper,CCS,CORN,29,0,C,,,CCS,46,,,,,,,,,
Dallas,CCS,DALLAS,29,0,C,,,CCS,46,,,,,,,,,
Manage,CCS,MANAGE,29,0,C,,,CCS,46,,,,,,,,,
Plunder,CCS,PLUNDER,29,0,C,,,CCS,46,,,,,,,,,
Its Magic,CentralComputing,MAGICC,29,0,C,,,Central Computing,46,,,,,,,,,
3D-Maze,ClemoesSoftware,3D-MAZE,29,0,C,,,Clemoes Software,46,,,,,,,,,
ColourCube,ClemoesSoftware,COLCUBE,29,0,C,,,Clemoes Software,46,,,,,,,,,
MasterCode,ClemoesSoftware,MASTERC,29,0,C,,,Clemoes Software,46,,,,,,,,,
HigherOrLower,Ceefax,HIGHLOW,29,2,C,,,Ceefax,47,,,,,,,,,
Mystery Of The Lost Sheep,CentralComputing,SHEEPC,29,2,C,Lost Sheep,,Central Computing,47,,,,,,,,,
Fruit Machine Simulator,Codemasters,FMS,29,2,C,,,Codemasters,47,,,,,,,,,
Supermarket,COICSoftware,SUPERM,29,2,C,,,COIC Software,47,,,,,,,,,
Space Kingdom,Cosma,SPACEK,29,2,C,,,Cosma,47,,,,,,,,,
World Cup Manager,Cosma,WORLD,29,2,C,,,Cosma,47,,,,,,,,,
Balloons,CJE,BALLCJE,30,0,C,,,CJE,48,,,,,,,,,
Personal Quiz,Colisoft,PQUIZ,30,0,C,,,Colisoft,48,,,,,,,,,
Programmers Revenge,Colisoft,REVENGE,30,0,C,,,Colisoft,48,,,,,,,,,
Playbox,Comsoft,CHOOSE,30,0,C,,,Comsoft,48,,,,,,,,,
SAS Commander,Comsoft,SASCOMM,30,0,C,,,Comsoft,48,,,,,,,,,
Serpents Lair,Comsoft,SERPENT,30,0,C,,,Comsoft,48,,,,,,,,,
Staircase Stampede,Comsoft,S1,30,0,C,,,Comsoft,48,,,,,,,,,
Egghead In Space,Cronosoft,EGGHEAD,30,0,C,,,Cronosoft,48,,,,,,,,,
MazeMan,CJE,MAZEMAN,30,2,C,,,CJE,49,,,,,,,,,
Missile Control,CJE,MISSILE,30,2,C,,,CJE,49,,,,,,,,,
Cosmic Containers,CRL,COSMIC1,30,2,C,,,CRL,49,,,,,,,,,
Test Match,CRL,TESTMAT,30,2,C,,,CRL,49,,,,,,,,,
Weenies,Cronosoft,WEENIES,30,2,C,,,Cronosoft,49,,,,,,,,,
Apocalypse,Command,APOC,31,0,C,,,Command,50,,,,,,,,,
Real You,Collins,REALYOU,31,2,C,,,Collins,51,,,,,,,,,
Birdie Barrage,CDS,BIRDIE,32,0,C,,,CDS,52,,,,,,,,,
Brian Cloughs Football Fortunes,CDS,CLOUGH,32,0,C,Brian Clough Football,,CDS,52,,,,,,,,,
Castle Blackstar,CDS,BLACK,32,0,C,,,CDS,52,,,,,,,,,
Football Director,CDS,DIRECT,32,0,C,,,CDS,52,,,,,,,,,
Sporting Triangles,CDS,SPTR,32,2,C,,,CDS,53,,,,,,,,,
Steve Davis Snooker,CDS,SNOOKER,32,2,C,,,CDS,53,,,,,,,,,
Tank Attack,CDS,TANK,32,2,C,,,CDS,53,,,,,,,,,
Battleships,Century Communications,BATSHIP,33,0,C,,,Century Comms,54,,,,,,,,,
Beebtrek,Century Communications,BEEBTRE,33,0,C,,,Century Comms,54,,,,,,,,,
Duck Shoot,Century Communications,DUCKSHO,33,0,C,,,Century Comms,54,,,,,,,,,
GoMoku,Century Communications,GOMOKU,33,0,C,,,Century Comms,54,,,,,,,,,
Horse Lord,Century Communications,HORSE,33,0,C,,,Century Comms,54,,,,,,,,,
ProGolf,Century Communications,GOLF,33,0,C,,,Century Comms,54,,,,,,,,,
Rocket Attack,Century Communications,ROCKET,33,0,C,,,Century Comms,54,,,,,,,,,
StockMarket,Century Communications,STOCKMK,33,0,C,,,Century Comms,54,,,,,,,,,
Tour,Century Communications,TOUR,33,0,C,,,Century Comms,54,,,,,,,,,
Virus,Century Communications,VIRUS,33,0,C,,,Century Comms,54,,,,,,,,,
Invisible Man,Chalksoft,INVISMN,34,0,C,,,Chalksoft,55,,,,,,,,,
Pirate,Chalksoft,PIRATE,34,0,C,,,Chalksoft,55,,,,,,,,,
Spanish Gold Part 1,Chalksoft,SPNGLD1,34,0,C,Spanish Gold 1,,Chalksoft,55,,,,,,,,,
Spanish Gold Part 2,Chalksoft,SPNGLD2,34,0,C,Spanish Gold 2,,Chalksoft,55,,,,,,,,,
Yes Chancellor!,Chalksoft,1,34,0,C,,,Chalksoft,55,,,,,,,,,
Devils Causeway,Database Software,DEVIL,35,0,C,,,Database Software,56,,,,,,,,,
Land Of Chark,Delta4Software,CHARK,35,0,C,,,Delta4 Software,56,,,,,,,,,
Bandits,DeskflairGames,BANDITS,35,0,C,,,Deskflair Games,56,,,,,,,,,
Android Attack,Computer Concepts,ANDROID,36,0,C,,,Computer Concepts,57,,,,,,,,,
Asteroid Belt,Computer Concepts,ASTEROI,36,0,C,,,Computer Concepts,57,,,,,,,,,
Caterpillar,Computer Concepts,PILLAR,36,0,C,,,Computer Concepts,57,,,,,,,,,
Chess,Computer Concepts,CHESS,36,0,C,,,Computer Concepts,57,,,,,,,,,
Draughts,Computer Concepts,DRAUGHT,36,0,C,,,Computer Concepts,57,,,,,,,,,
Fruit Machine,Computer Concepts,FRUITM,36,0,C,,,Computer Concepts,57,,,,,,,,,
Fruit Worm,Computer Concepts,WORM,36,0,C,,,Computer Concepts,57,,,,,,,,,
Fruity Tooty,Computer Concepts,FRUITY,36,0,C,,,Computer Concepts,57,,,,,,,,,
HitchHiker,Computer Concepts,HITCHIK,36,0,C,,,Computer Concepts,57,,,,,,,,,
Invasion Alert,Computer Concepts,INVAD,36,0,C,,,Computer Concepts,57,,,,,,,,,
Loony Lander,Computer Concepts,LOONY,36,0,C,,,Computer Concepts,57,,,,,,,,,
Reversi,Computer Concepts,REVERSI,36,0,C,,,Computer Concepts,57,,,,,,,,,
Rubik Cube,Computer Concepts,RUBIK,36,0,C,,,Computer Concepts,57,,,,,,,,,
Snake,Computer Concepts,SNAKE,36,0,C,,,Computer Concepts,57,,,,,,,,,
Space Hawks,Computer Concepts,SPACEHK,36,0,C,,,Computer Concepts,57,,,,,,,,,
Swarm,Computer Concepts,SW,36,0,C,,,Computer Concepts,57,,,,,,,,,
747 Flight Simulator,DACC,JB40,37,0,C,,,DACC,58,,,,,,,,,
Chopper Chase,DACC,CHPCHS,37,0,C,,,DACC,58,,,,,,,,,
Creatures of the Deep,DACC,COD,37,0,C,,,DACC,58,,,,,,,,,
Fire Chief,DACC,FIRECH,37,0,C,,,DACC,58,,,,,,,,,
Guns of Naverone,DACC,TGON,37,0,C,,,DACC,58,,,,,,,,,
Space Rescue,DACC,SPC-RSC,37,0,C,,,DACC,58,,,,,,,,,
Adventure Anthology,Database Publications,ADV,37,0,C,,,Database Publs,58,,,,,,,,,
Magic Sword,Database Publications,SWORD,37,0,C,,,Database Publs,58,,,,,,,,,
Bouncer,DACC,BOUNCER,37,2,C,,,DACC,59,,,,,,,,,
Micro Olympics,Database Publications,MICROLY,37,2,C,,,Database Publs,59,,,,,,,,,
Red Arrows,Database Publications,Red-Ldr,37,2,C,,,Database Publs,59,,,,,,,,,
Suicide Island,Dollarsoft,SUICIDE,37,2,C,,,Dollarsoft,59,,,,,,,,,
Combat Lynx,Durell,COMBAT,37,2,C,,,Durell,59,,,,,,,,,
MineShaft,Durell,MINES,37,2,C,,,Durell,59,,,,,,,,,
Four Wands,DW Gore,CHOOSE,37,2,C,,,DW Gore,59,,,,,,,,,
Inca Treasure,DW Gore,INCA,37,2,C,,,DW Gore,59,,,,,,,,,
Battle Of Britain,Design People Software,BATINST,38,0,C,,,DesignPeople Soft,60,,,,,,,,,
Midway,Design People Software,MIDINST,38,2,C,,,DesignPeople Soft,61,,,,,,,,,
Sink The Bismarck,Design People Software,BISINS,39,0,C,,,DesignPeople Soft,62,,,,,,,,,
Tanks,Design People Software,TANKINS,39,2,C,,,DesignPeople Soft,63,,,,,,,,,
Arrow Of Death Part 1,Digital Fantasia,ADEATH1,40,0,C,Arrow Of Death 1,,Digital Fantasia,64,,,,,,,,,
Arrow Of Death Part 2,Digital Fantasia,ADEATH2,40,0,C,Arrow Of Death 2,,Digital Fantasia,64,,,,,,,,,
Circus,Digital Fantasia,CIRCUS,40,0,C,,,Digital Fantasia,64,,,,,,,,,
Escape from Pulsar 7,Digital Fantasia,PULSAR,40,0,C,,,Digital Fantasia,64,,,,,,,,,
Feasibility Experiment,Digital Fantasia,FEASEX1,40,0,C,,,Digital Fantasia,64,,,,,,,,,
Golden Baton,Digital Fantasia,GOLDBA1,40,0,C,,,Digital Fantasia,64,,,,,,,,,
PerseusAndAndromeda,Digital Fantasia,PERSEU1,40,0,C,Perseus & Andromeda,,Digital Fantasia,64,,,,,,,,,
Ten Little Indians,Digital Fantasia,INDIAN1,40,0,C,,,Digital Fantasia,64,,,,,,,,,
Time Machine,Digital Fantasia,TIMEMA1,40,0,C,,,Digital Fantasia,64,,,,,,,,,
Waxworks,Digital Fantasia,WAXWORK,40,0,C,,,Digital Fantasia,64,,,,,,,,,
Wizard Of Akyrz,Digital Fantasia,AKYRZ,40,2,C,,,Digital Fantasia,65,,,,,,,,,
3D Convoy,DoctorSoft,CONVOY,42,0,C,,,DoctorSoft,66,,,,,,,,,
Fruit Machine,DoctorSoft,FRUMACH,42,0,C,,,DoctorSoft,66,,,,,,,,,
Gorf,DoctorSoft,GORF,42,0,C,,,DoctorSoft,66,,,,,,,,,
Jumpjet,DoctorSoft,JET,42,0,C,,,DoctorSoft,66,,,,,,,,,
Kremlin,DoctorSoft,KREMLIN,42,2,C,,,DoctorSoft,67,,,,,,,,,
Missile Attack,DoctorSoft,MISSILE,42,2,C,,,DoctorSoft,67,,,,,,,,,
Phantom Combat,DoctorSoft,PHANTOM,42,2,C,,,DoctorSoft,67,,,,,,,,,
QuestOfGondor,DoctorSoft,GONDOR,42,2,C,,,DoctorSoft,67,,,,,,,,,
Blockbusters,Domark,BLOCKBS,43,0,C,,,Domark,68,,,,,,,,,
Empire Strikes Back,Domark,SW-ESB,43,0,C,,,Domark,68,,,,,,,,,
Return Of The Jedi,Domark,JED0,43,0,C,,,Domark,68,,,,,,,,,
Not A Penny More,Domark,BOOTER,43,2,C,,,Domark,69,,,,,,,,,
Star Wars,Domark,STARW,43,2,C,,,Domark,69,,,,,,,,,
Licence To Kill,Domark,L-T-K,44,0,C,,,Domark,70,,,,,,,,,
Living Daylights,Domark,LIVING,44,0,C,,,Domark,70,,,,,,,,,
Trivial Pursuit Genus Edition,Domark,GENUS,44,2,C,,,Domark,71,,,,,,,,,
Trivial Pursuit Young Players Edition,Domark,YOUNG,45,0,C,,,Domark,72,,,,,,,,,
Trivial Pursuit Baby Boomer Edition,Domark,GENUS,45,2,C,,,Domark,73,,,,,,,,,
3D Tank Zone,Dynabyte,TANK,46,0,C,,,Dynabyte,74,,,,,,,,,
Brainteasers,Dynabyte,BRAIN,46,0,C,,,Dynabyte,74,,,,,,,,,
Corporate Climber,Dynabyte,CLIMBER,46,0,C,,,Dynabyte,74,,,,,,,,,
Horse Race,Dynabyte,HORSE,46,0,C,,,Dynabyte,74,,,,,,,,,
Lemming Syndrome,Dynabyte,LEMMING,46,0,C,,,Dynabyte,74,,,,,,,,,
Pool Hall,Dynabyte,POOL,46,0,C,,,Dynabyte,74,,,,,,,,,
MicroGo1,Edge Computers,MICROGO,47,0,C,MicroGo,,Edge Computers,75,,,,,,,,,
AirWolf,Elite,WOLF1,47,0,C,,,Elite,75,,,,,,,,,
Commando,Elite,COMMAND,47,0,C,,,Elite,75,,,,,,,,,
Paperboy,Elite,PAPERBY,47,0,C,,,Elite,75,,,,,,,,,
Pipemania,Empire,PMania,47,0,C,,,Empire,75,,,,,,,,,
Jet Boot Jack,English Software,JBJ,47,0,C,,,English Software,75,,,,,,,,,
Kissin Kousins,English Software,KK,47,2,C,,,English Software,76,,,,,,,,,
Space Man Sid,English Software,SID,47,2,C,,,English Software,76,,,,,,,,,
Lost Crystal,Epic Adventures,CRYSTAL,47,2,C,,,Epic Adventures,76,,,,,,,,,
Wheel Of Fortune,Epic Adventures,FORTUNE,47,2,C,,,Epic Adventures,76,,,,,,,,,
Beebtrek,Epsilon Software,BEEBTRK,47,2,C,,,Epsilon Software,76,,,,,,,,,
MrMephisto,Eurobyte,Mephist,47,2,C,,,Eurobyte,76,,,,,,,,,
WetZone,Everiss Software,WETZONE,47,2,C,,,Everiss Software,76,,,,,,,,,
Superman The Game,First Star,SUPERMA,48,0,C,Superman,,First Star,77,,,,,,,,,
Star Trader,FirstByte Software,STRADER,48,0,C,,,FirstByte Soft,77,,,,,,,,,
Starforce Lander,FirstByte Software,FORCE,48,0,C,,,FirstByte Soft,77,,,,,,,,,
Flight Of The Unicorn,Flight 19 Software,FLIGHT,48,0,C,,,Flight 19 Soft,77,,,,,,,,,
767AdvancedFlightSimulator,Flightdeck Software,767AFS,48,0,C,767 Flight Sim,,Flightdeck Soft,77,,,,,,,,,
Adventure 200,Foilkade,ADV200I,48,0,C,,,Foilkade,77,,,,,,,,,
Powerboat Racing,Futura Software,POWERBO,48,0,C,,,Futura Software,77,,,,,,,,,
Bird Strike,Firebird,BIRD,49,0,C,,,Firebird,78,,,,,,,,,
Duck!,Firebird,DUCK1,49,0,C,,,Firebird,78,,,,,,,,,
Estra,Firebird,ESTRA,49,0,C,,,Firebird,78,,,,,,,,,
Gold Digger,Firebird,GOLDIGG,49,0,C,,,Firebird,78,,,,,,,,,
Hacker,Firebird,HACKER,49,0,C,The Hacker,,Firebird,78,,,,,,,,,
Sentinel,Firebird,SENTNEL,49,0,C,The Sentinel,,Firebird,78,,,,,,,,,
3D Pool,Firebird,3DPOOL,49,2,C,,,Firebird,79,,,,,,,,,
Acid Drops,Firebird,ACID1,49,2,C,,,Firebird,79,,,,,,,,,
Fat Man Sam,Firebird,FATMAN,49,2,C,,,Firebird,79,,,,,,,,,
Harvey Headbanger,Firebird,HARVEY,49,2,C,,,Firebird,79,,,,,,,,,
Microcosm,Firebird,MICROLO,49,2,C,,,Firebird,79,,,,,,,,,
Mr Freeze,Firebird,Freeze,49,2,C,,,Firebird,79,,,,,,,,,
Star Drifter,Firebird,Drifter,49,2,C,,,Firebird,79,,,,,,,,,
Cholo,Firebird,CHOLO-L,50,0,C,,,Firebird,80,,,,,,,,,
Bubble Bobble,Firebird,BUBBLE1,50,2,C,,,Firebird,81,,,,,,,,,
BC Bill,Imagine,BC,51,0,C,,,Imagine,82,,,,,,,,,
Cosmic Cruiser,Imagine,CC,51,0,C,,,Imagine,82,,,,,,,,,
Mikie,Imagine,MIKIE,51,0,C,,,Imagine,82,,,,,,,,,
Pedro,Imagine,PEDRO,51,0,C,,,Imagine,82,,,,,,,,,
Wizadore,Imagine,WIZADOR,51,0,C,,,Imagine,82,,,,,,,,,
Arkanoid,Imagine,Ark,51,2,C,,,Imagine,83,,,,,,,,,
Green Beret,Imagine,GREEN,51,2,C,,,Imagine,83,,,,,,,,,
YieAr KungFu I,Imagine,YAKF,51,2,C,Yie-Ar Kung-Fu,,Imagine,83,,,,,,,,,
YieAr KungFu II,Imagine,YAKF2,51,2,C,Yie-Ar Kung-Fu II,,Imagine,83,,,,,,,,,
Clogger,Impact,CLOGGER,52,0,C,,,Impact,84,,,,,,,,,
Orbital,Impact,ORBITAL,52,0,S,,,Impact,84,,,,,,,,,
Zenon,Impact,ZENON,52,0,C,,,Impact,84,,,,,,,,,
Alien Swirl,Micropower,SWIRL,53,0,C,,,Micropower,85,,,,,,,,,
Asteroid Storm,Micropower,STORM,53,0,C,,,Micropower,85,,,,,,,,,
Astro Navigator,Micropower,NAVIGAT,53,0,C,,,Micropower,85,,,,,,,,,
Cat and Mouse,Micropower,CAT,53,0,C,,,Micropower,85,,,,,,,,,
Constellation,Micropower,CONSTEL,53,0,C,,,Micropower,85,,,,,,,,,
Cosmic Combat,Micropower,COMBAT,53,0,C,,,Micropower,85,,,,,,,,,
Cowboy Shootout,Micropower,SHOOTOU,53,0,S,,,Micropower,85,,,,,,,,,
Galactic Commander,Micropower,COMMAND,53,0,S,,,Micropower,85,,,,,,,,,
Hell Driver,Micropower,HLLDRVR,53,0,C,,,Micropower,85,,,,,,,,,
Maze Invaders,Micropower,MAZEINV,53,0,C,,,Micropower,85,,,,,,,,,
Munchyman,Micropower,MUNCHYM,53,0,C,,,Micropower,85,,,,,,,,,
Star Trek,Micropower,STARTRE,53,0,C,,,Micropower,85,,,,,,,,,
StarfleetEncounter,Micropower,SFE,53,0,C,StarFleet Enc.,,Micropower,85,,,,,,,,,
Stock Car,Micropower,STOCK,53,0,C,,,Micropower,85,,,,,,,,,
Timetrek,Micropower,TIMETRE,53,0,C,,,Micropower,85,,,,,,,,,
Where,Micropower,WHERE,53,0,C,Where?,,Micropower,85,,,,,,,,,
World Geography,Micropower,GEOGRAP,53,0,C,,,Micropower,85,,,,,,,,,
Adventure,Micropower,ADVENTU,53,2,C,,,Micropower,86,,,,,,,,,
Bandits at 3 oclock,Micropower,B3OC,53,2,C,Bandits 3oClock,,Micropower,86,,,,,,,,,
Barrage,Micropower,BARRAGE,53,2,C,,,Micropower,86,,,,,,,,,
Croaker,Micropower,CROAKER,53,2,C,,,Micropower,86,,,,,,,,,
Eldorado Gold,Micropower,ELDORAD,53,2,C,,,Micropower,86,,,,,,,,,
Intergalactic Trader,Micropower,TRADER,53,2,C,Interg. Trader,,Micropower,86,,,,,,,,,
Laser Command,Micropower,LASERCM,53,2,C,,,Micropower,86,,,,,,,,,
Painter,Micropower,PAINTER,53,2,C,,,Micropower,86,,,,,,,,,
Seek,Micropower,SEEK,53,2,C,,,Micropower,86,,,,,,,,,
Swoop,Micropower,SWOOP,53,2,S,,,Micropower,86,,,,,,,,,
Wall,Micropower,WALL,53,2,C,,,Micropower,86,,,,,,,,,
Zombies,Micropower,ZOMBIEL,53,2,C,,,Micropower,86,,,,,,,,,
Danger UXB,Micropower,UXB,54,0,C,,,Micropower,87,,,,,,,,,
Escape From Moonbase Alpha,Micropower,EMBA1,54,0,C,Escape Moonbase Alpha,,Micropower,87,,,,,,,,,
Felix&TheFruitMonsters,Micropower,FELIXFM,54,0,C,Felix & Monsters,,Micropower,87,,,,,,,,,
FelixInTheFactory,Micropower,FEFACT,54,0,C,Felix / Factory,,Micropower,87,,,,,,,,,
FelixMeetsTheEvilWeevils,Micropower,FELIX,54,0,C,Felix & Weevils,,Micropower,87,,,,,,,,,
Ghouls,Micropower,GHOULS,54,0,C,,,Micropower,87,,,,,,,,,
Moon Raider,Micropower,MOON,54,0,C,,,Micropower,87,,,,,,,,,
Zarm,Micropower,ZARM,54,0,C,,,Micropower,87,,,,,,,,,
Bumblebee,Micropower,BUMBLE,54,2,C,,,Micropower,88,,,,,,,,,
Devils Domain,Micropower,DOMAIN,54,2,C,,,Micropower,88,,,,,,,,,
Labyrinths Of LaCoshe,Micropower,LABRYN,54,2,C,,,Micropower,88,,,,,,,,,
Martian Attack,Micropower,MARS,54,2,C,,,Micropower,88,,,,,,,,,
Plutonium Plunder,Micropower,PLUTO-L,54,2,C,,,Micropower,88,,,,,,,,,
Rubble Trouble,Micropower,RUBBLE,54,2,C,,,Micropower,88,,,,,,,,,
Space Jailer,Micropower,SJ,54,2,C,,,Micropower,88,,,,,,,,,
Swag,Micropower,SWAGL,54,2,C,,,Micropower,88,,,,,,,,,
The Mine,Micropower,MINE,54,2,C,,,Micropower,88,,,,,,,,,
Wizards Challenge,Micropower,WIZARD,54,2,C,,,Micropower,88,,,,,,,,,
Alien Destroyers,Micropower,ALIEND,55,0,C,,,Micropower,89,,,,,,,,,
Alien Destroyers II,Micropower,ALIEND2,55,0,C,Alien Destroyers 2,,Micropower,89,,,,,,,,,
Dune Rider,Micropower,Dune-R,55,0,C,,,Micropower,89,,,,,,,,,
Frenzy,Micropower,FRENZY,55,0,C,,,Micropower,89,,,,,,,,,
Jet Power Jack,Micropower,JET,55,0,C,,,Micropower,89,,,,,,,,,
Killer Gorilla,Micropower,KILLER,55,0,C,,,Micropower,89,,,,,,,,,
Mr.EE,Micropower,MR.EE-L,55,0,C,Mr.EE!,,Micropower,89,,,,,,,,,
Positron,Micropower,POSITRO,55,0,C,,,Micropower,89,,,,,,,,,
QBoyd,Micropower,Q-Boyd,55,0,C,Q*Boyd,,Micropower,89,,,,,,,,,
Castle Quest,Micropower,CASTLE,55,2,C,,,Micropower,90,,,,,,,,,
Cybertron Mission,Micropower,CYBERTR,55,2,C,,,Micropower,90,,,,,,,,,
Gauntlet,Micropower,GAUNTLE,55,2,C,,,Micropower,90,,,,,,,,,
Maze,Micropower,MAZE,55,2,C,,,Micropower,90,,,,,,,,,
Imogen,Micropower,IMOGEN,56,0,C,,,Micropower,91,,,,,,,,,
Doctor Who And The Mines Of Terror,Micropower,!WHO,56,2,C,Dr.Who Mines Of Terror,,Micropower,92,,,,,,,,,
3D Munchy,MRM Software,MUNCHY,57,0,C,,,MRM Software,93,,,,,,,,,
Banana Man,MRM Software,BANANA,57,0,C,,,MRM Software,93,,,,,,,,,
Castle Of Gems,MRM Software,GEMS,57,0,C,,,MRM Software,93,,,,,,,,,
Diamond Mine,MRM Software,DMINE,57,0,C,,,MRM Software,93,,,,,,,,,
Ghost Hunter,MRM Software,GHOST1,57,0,C,,,MRM Software,93,,,,,,,,,
Lunar Lander,MRM Software,LUNARLA,57,0,C,,,MRM Software,93,,,,,,,,,
Odd Ball,MRM Software,ODDBALL,57,0,C,,,MRM Software,93,,,,,,,,,
Q-Man,MRM Software,QMAN,57,0,C,,,MRM Software,93,,,,,,,,,
Q-Man's Brother,MRM Software,QMANB,57,0,C,,,MRM Software,93,,,,,,,,,
Secret Sam 1,MRM Software,SAM1-1,57,0,C,,,MRM Software,93,,,,,,,,,
Secret Sam 2,MRM Software,SECSAM1,57,0,C,,,MRM Software,93,,,,,,,,,
Castle Assault,MRM Software,CASTLE,57,2,C,,,MRM Software,94,,,,,,,,,
Guy in The Hat,MRM Software,GUY,57,2,C,,,MRM Software,94,,,,,,,,,
Hangman,MRM Software,HANGMAN,57,2,C,,,MRM Software,94,,,,,,,,,
Mr Shifter,MRM Software,SHIFTER,57,2,C,,,MRM Software,94,,,,,,,,,
Nightmare Maze,MRM Software,NMAZE,57,2,C,,,MRM Software,94,,,,,,,,,
Screwball,MRM Software,SCREW,57,2,C,,,MRM Software,94,,,,,,,,,
Solitaire,MRM Software,SOLITAI,57,2,C,,,MRM Software,94,,,,,,,,,
Sorcerer,MRM Software,SOCERR,57,2,C,The Sorcerer,,MRM Software,94,,,,,,,,,
WilfredTheWarlock,MRM Software,WILF1,57,2,C,Wilfred Warlock,,MRM Software,94,,,,,,,,,
Zuyder Zee,MRM Software,ZUYDER,57,2,C,,,MRM Software,94,,,,,,,,,
Electro Freddy,Softspot,EF1,58,0,C,,,Softspot,95,,,,,,,,,
Fruity Freddy,Softspot,FREDDY,58,0,S,,,Softspot,95,,,,,,,,,
Funfair,Softspot,FUNFAIR,58,0,S,,,Softspot,95,,,,,,,,,
Heist,Softspot,HEIST,58,0,S,,,Softspot,95,,,,,,,,,
Transistor's Revenge,Softspot,REVENGER,58,0,S,,,Softspot,95,,,,,,,,,
Apollo,Software Invasion,APOLLO,59,0,C,,,Software Invasion,96,,,,,,,,,
Attack On Alpha Centauri,Software Invasion,ALPHA,59,0,C,Alpha Centauri,,Software Invasion,96,,,,,,,,,
Blackjack,Software Invasion,BLACKJ,59,0,C,,,Software Invasion,96,,,,,,,,,
Blitzkrieg,Software Invasion,BLITZ,59,0,C,,,Software Invasion,96,,,,,,,,,
Galaxian,Software Invasion,GALAXIN,59,0,C,,,Software Invasion,96,,,,,,,,,
Gunsmoke,Software Invasion,GUNSMOK,59,0,C,,,Software Invasion,96,,,,,,,,,
Star Maze,Software Invasion,S-MAZE,59,0,C,,,Software Invasion,96,,,,,,,,,
Super Pool,Software Invasion,POOL,59,0,C,,,Software Invasion,96,,,,,,,,,
Vortex,Software Invasion,VORTEX,59,0,C,,,Software Invasion,96,,,,,,,,,
Chip Buster,Software Invasion,LOADER,59,2,C,,,Software Invasion,97,,,,,,,,,
Eagles Wing,Software Invasion,EAGLELD,59,2,C,,,Software Invasion,97,,,,,,,,,
Jet Boat,Software Invasion,JETLOGO,59,2,C,,,Software Invasion,97,,,,,,,,,
Spooks And Spiders,Software Invasion,SPOOKS,59,2,C,Spooks & Spiders,,Software Invasion,97,,,,,,,,,
Stairway To Hell,Software Invasion,HELL,59,2,C,,,Software Invasion,97,,,,,,,,,
Street Machine,Software Invasion,STREET,59,2,C,,,Software Invasion,97,,,,,,,,,
Alien Dropout,Superior Software,DROPOUT,60,0,C,,,Superior Software,98,,,,,,,,,
Centipede,Superior Software,CENTIPE,60,0,C,,,Superior Software,98,,,,,,,,,
Cosmic Kidnap,Superior Software,COSMIC,60,0,C,,,Superior Software,98,,,,,,,,,
Crazy Painter,Superior Software,CRAZY,60,0,C,,,Superior Software,98,,,,,,,,,
Fairground,Superior Software,FAIR,60,0,C,,,Superior Software,98,,,,,,,,,
Frogger,Superior Software,FROGGER,60,0,C,,,Superior Software,98,,,,,,,,,
Fruit Machine,Superior Software,FRUIT,60,0,C,,,Superior Software,98,,,,,,,,,
Galaxians,Superior Software,GALAXIA,60,0,C,,,Superior Software,98,,,,,,,,,
Hunchback,Superior Software,HUNCH,60,0,C,,,Superior Software,98,,,,,,,,,
Road Runner,Superior Software,ROAD,60,0,C,,,Superior Software,98,,,,,,,,,
Rocky,Superior Software,ROCKY,60,0,C,,,Superior Software,98,,,,,,,,,
Space Fighter,Superior Software,SPACEFI,60,0,C,,,Superior Software,98,,,,,,,,,
Star Battle,Superior Software,STARBAT,60,0,C,,,Superior Software,98,,,,,,,,,
2002,Superior Software,2002,60,2,C,,,Superior Software,99,,,,,,,,,
Battle Tank,Superior Software,BTANK,60,2,C,,,Superior Software,99,,,,,,,,,
Cribbage,Superior Software,CRIBBAG,60,2,C,,,Superior Software,99,,,,,,,,,
Draughts,Superior Software,DRAUGHT,60,2,C,,,Superior Software,99,,,,,,,,,
Gnasher,Superior Software,GNASHER,60,2,C,,,Superior Software,99,,,,,,,,,
Ladder Maze,Superior Software,LMAZE,60,2,C,,,Superior Software,99,,,,,,,,,
Planetarium,Superior Software,PLANET,60,2,C,,,Superior Software,99,,,,,,,,,
Reversi,Superior Software,REVERSI,60,2,C,,,Superior Software,99,,,,,,,,,
Space Invaders,Superior Software,INVADER,60,2,C,,,Superior Software,99,,,,,,,,,
Spitfire Command,Superior Software,SPITCOM,60,2,C,,,Superior Software,99,,,,,,,,,
BorisInTheUnderworld,Superior Software,BUNDER,61,0,C,Boris Underworld,,Superior Software,100,,,,,,,,,
Colditz Adventure,Superior Software,COLDITZ,61,0,C,Colditz Adv,,Superior Software,100,,,,,,,,,
Darts,Superior Software,DARTS,61,0,C,,,Superior Software,100,,,,,,,,,
Gideon's Gamble,Superior Software,GIDEON,61,0,C,,,Superior Software,100,,,,,,,,,
Jeremy Goes Jumping,Superior Software,JEREMY,61,0,C,,,Superior Software,100,,,,,,,,,
Lost City,Superior Software,LOST,61,0,C,,,Superior Software,100,,,,,,,,,
Neutron,Superior Software,NEUTRON,61,0,C,,,Superior Software,100,,,,,,,,,
Star Warp,Superior Software,SWARP,61,0,C,,,Superior Software,100,,,,,,,,,
StarTrekAdventure,Superior Software,StarTrk,61,0,C,Star Trek Adv,,Superior Software,100,,,,,,,,,
Stranded,Superior Software,STRANDE,61,0,C,,,Superior Software,100,,,,,,,,,
BMX on The Moon,Superior Software,MOON,61,2,C,,,Superior Software,101,,,,,,,,,
Chess,Superior Software,CHESS,61,2,C,,,Superior Software,101,,,,,,,,,
Missile Strike,Superior Software,MISSILE,61,2,C,,,Superior Software,101,,,,,,,,,
Moon Mission,Superior Software,MOONMIS,61,2,C,,,Superior Software,101,,,,,,,,,
Mutant Spiders,Superior Software,MUTANT,61,2,C,,,Superior Software,101,,,,,,,,,
Percy Penguin,Superior Software,PERCY,61,2,C,,,Superior Software,101,,,,,,,,,
QBert,Superior Software,Q-BERT,61,2,C,Q*Bert,,Superior Software,101,,,,,,,,,
SmashGrab,Superior Software,SMASH,61,2,C,Smash & Grab,,Superior Software,101,,,,,,,,,
Winged Warlords,Superior Software,WARLORD,61,2,C,,,Superior Software,101,,,,,,,,,
Airlift,Superior Software,AIRLIFT,62,0,C,,,Superior Software,102,,,,,,,,,
Deathstar,Superior Software,DEATHST,62,0,C,,,Superior Software,102,,,,,,,,,
Karate Combat,Superior Software,KARATE,62,0,C,,,Superior Software,102,,,,,,,,,
Mr.Wiz,Superior Software,MRWIZ,62,0,C,,,Superior Software,102,,,,,,,,,
Space Pilot,Superior Software,PILOT1,62,0,C,,,Superior Software,102,,,,,,,,,
Star Striker,Superior Software,STAR,62,0,C,,,Superior Software,102,,,,,,,,,
Tempest,Superior Software,TEMPEST,62,0,C,,,Superior Software,102,,,,,,,,,
Zany Kong Junior,Superior Software,ZANY,62,0,C,,,Superior Software,102,,,,,,,,,
Kix,Superior Software,KIX,62,2,C,,,Superior Software,103,,,,,,,,,
Overdrive,Superior Software,OVERDRI,62,2,C,,,Superior Software,103,,,,,,,,,
Repton,Superior Software,REPTON,62,2,C,,,Superior Software,103,,,,,,,,,
Repton 2,Superior Software,REPT2,62,2,C,,,Superior Software,103,,,,,,,,,
Syncron,Superior Software,SYNCRON,62,2,C,,,Superior Software,103,,,,,,,,,
Thrust,Superior Software,THRUST,62,2,C,,,Superior Software,103,,,,,,,,,
Thrust(ExtraMissionsHack),Superior Software,THRUSXM,62,2,C,Thrust Xtra,,Superior Software,103,,,,,,,,,
Wallaby,Superior Software,WALLABY,62,2,C,,,Superior Software,103,,,,,,,,,
Citadel,Superior Software,CITADEL,63,0,C,,,Superior Software,104,,,,,,,,,
Elixir,Superior Software,ELIXIR,63,0,C,,,Superior Software,104,,,,,,,,,
Spellbinder,Superior Software,SPELLBN,63,0,C,,,Superior Software,104,,,,,,,,,
Bone Cruncher,Superior Software,BONE,63,2,S,,,Superior Software,105,,,,,,,,,
Camelot,Superior Software & Acornsoft,CAMELOT,64,0,C,,,Superior&Acornsoft,106,,,,,,,,,
Palace Of Magic,Superior Software & Acornsoft,PALACE,64,0,C,,,Superior&Acornsoft,106,,,,,,,,,
Pipeline,Superior Software & Acornsoft,PIPELI,64,0,C,,,Superior&Acornsoft,106,,,,,,,,,
Ravenskull,Superior Software & Acornsoft,RAVEN,64,0,C,,,Superior&Acornsoft,106,,,,,,,,,
Spycat,Superior Software & Acornsoft,SPYCAT,64,0,C,,,Superior&Acornsoft,106,,,,,,,,,
Baron,Superior Software & Acornsoft,BARON,64,2,C,,,Superior&Acornsoft,107,,,,,,,,,
Citadel 2,Superior Software & Acornsoft,CITMENU,64,2,C,,,Superior&Acornsoft,107,,,,,,,,,
Quest,Superior Software & Acornsoft,QUEST,64,2,C,,,Superior&Acornsoft,107,,,,,,,,,
Starport,Superior Software & Acornsoft,STAR,64,2,C,,,Superior&Acornsoft,107,,,,,,,,,
Codename Droid,Superior Software & Acornsoft,DROID,65,0,C,,,Superior&Acornsoft,108,,,,,,,,,
Cosmic Camouflage,Superior Software & Acornsoft,COSMIC,65,0,C,,,Superior&Acornsoft,108,,,,,,,,,
Galaforce,Superior Software & Acornsoft,GALAF0,65,0,C,,,Superior&Acornsoft,108,,,,,,,,,
Strykers Run,Superior Software & Acornsoft,SMENU,65,0,C,,,Superior&Acornsoft,108,,,,,,,,,
Crazee Rider,Superior Software & Acornsoft,CRAZEE,65,2,C,,,Superior&Acornsoft,109,,,,,,,,,
Galaforce 2 Aliens Revenge,Superior Software & Acornsoft,GALA2,65,2,C,Galaforce II,,Superior&Acornsoft,109,,,,,,,,,
Grand Prix Construction Set,Superior Software & Acornsoft,GRANDPX,65,2,C,,,Superior&Acornsoft,109,,,,,,,,,
Around The World in 40 Screens,Superior Software & Acornsoft,REPTON,66,0,C,,,Superior&Acornsoft,110,,,,,,,,,
Repton 3,Superior Software & Acornsoft,REPTON,66,0,C,,,Superior&Acornsoft,110,,,,,,,,,
Life Of Repton,Superior Software & Acornsoft,REPTON,66,2,C,,,Superior&Acornsoft,111,,,,,,,,,
Repton Thru Time,Superior Software & Acornsoft,REPTON,66,2,C,,,Superior&Acornsoft,111,,,,,,,,,
Ballistix,Superior Software & Acornsoft,BALLS,67,0,C,,,Superior&Acornsoft,112,,,,,,,,,
By Fair Means or Foul,Superior Software & Acornsoft,INSTRU,67,0,S,,,Superior&Acornsoft,112,,,,,,,,,
Barbarian II Dungeon Of Drax,Superior Software & Acornsoft,BDODINS,67,2,C,,,Superior&Acornsoft,113,,,,,,,,,
BarbarianTheUltimateWarrior,Superior Software & Acornsoft,BARB,67,2,C,Barbarian,,Superior&Acornsoft,113,,,,,,,,,
Qwak,Superior Software & Acornsoft,QWAK,67,2,C,Qwak!,,Superior&Acornsoft,113,,,,,,,,,
Perplexity,Superior Software & Acornsoft,PERP0,68,0,C,,,Superior&Acornsoft,114,,,,,,,,,
Ricochet,Superior Software & Acornsoft,RICOCHE,68,0,C,,,Superior&Acornsoft,114,,,,,,,,,
Superior Soccer,Superior Software & Acornsoft,SOCCER,68,0,C,,,Superior&Acornsoft,114,,,,,,,,,
Question Of Sport,Superior Software & Acornsoft,QOFS,68,2,C,,,Superior&Acornsoft,115,,,,,,,,,
Last Ninja,Superior Software & Acornsoft,L-NJA1,69,0,C,The LastNinja,,Superior&Acornsoft,116,,,,,,,,,
SimCity,Superior Software & Acornsoft,SIMCITY,69,0,C,,,Superior&Acornsoft,117,,,,,,,,,
Exile,Superior Software & Acornsoft,EXILE,69,2,C,,,Superior&Acornsoft,118,,,,,,,,,
Last Ninja 2,Superior Software & Acornsoft,NINJA,69,2,C,The Last Ninja 2,,Superior&Acornsoft,118,,,,,,,,,
Cyborg Warriors,Superior Software & Acornsoft,CYBLOAD,70,0,C,,,Superior&Acornsoft,119,,,,,,,,,
Hostages,Superior Software & Acornsoft,HOSTAGE,70,0,C,,,Superior&Acornsoft,119,,,,,,,,,
Tactic,Superior Software & Acornsoft,TACINST,70,0,C,,,Superior&Acornsoft,119,,,,,,,,,
Hyperball,Superior Software & Acornsoft,HYPER,70,2,C,,,Superior&Acornsoft,120,,,,,,,,,
Vertigo,Superior Software & Acornsoft,VERTIGO,70,2,C,,,Superior&Acornsoft,120,,,,,,,,,
Uggies Garden,Superior Software & Acornsoft,LOADER,71,0,C,,,Superior&Acornsoft,121,,,,,,,,,
Master Break,Superior Software & Acornsoft,SNOOKER,71,2,C,,,Superior&Acornsoft,122,,,,,,,,,
Grid Iron,Top Ten,GRIDIRO,72,0,C,,,Top Ten,123,,,,,,,,,
Network,Top Ten,NETLOAD,72,0,C,,,Top Ten,123,,,,,,,,,
Pandemonium,Top Ten,PLOADER,72,0,C,,,Top Ten,123,,,,,,,,,
Warehouse,Top Ten,WAREHOU,72,0,C,,,Top Ten,123,,,,,,,,,
Yoyo,Top Ten,YOYOLO,72,0,C,Yoyo!,,Top Ten,123,,,,,,,,,
Alien8,Ultimate,Alien,73,0,C,,,Ultimate,124,,,,,,,,,
Atic Atac,Ultimate,ATIC,73,0,C,,,Ultimate,124,,,,,,,,,
Cookie,Ultimate,COOKIE,73,0,C,,,Ultimate,124,,,,,,,,,
JetPac,Ultimate,JetPac,73,0,C,,,Ultimate,124,,,,,,,,,
Knight Lore,Ultimate,Knight,73,0,C,,,Ultimate,124,,,,,,,,,
Nightshade,Ultimate,Nights,73,0,C,,,Ultimate,124,,,,,,,,,
Lunar Jetman,Ultimate,JETMAN,73,2,C,,,Ultimate,125,,,,,,,,,
Sabre Wulf,Ultimate,SABRE,73,2,C,,,Ultimate,125,,,,,,,,,
Crystal Castles,US Gold,CRYSTAL,74,0,C,,,US Gold,126,,,,,,,,,
Raid over Moscow,US Gold,MOSCOW,74,0,C,,,US Gold,126,,,,,,,,,
Spy Hunter,US Gold,SPY,74,0,C,,,US Gold,126,,,,,,,,,
Tapper,US Gold,Tapper,74,0,C,,,US Gold,126,,,,,,,,,
Beach Head,US Gold,BHEAD,74,2,C,,,US Gold,127,,,,,,,,,
Bounty Bob Strikes Back,US Gold,Bounty,74,2,C,,,US Gold,127,,,,,,,,,
Bruce Lee,US Gold,BLEE,74,2,C,,,US Gold,127,,,,,,,,,
Impossible Mission,US Gold,IM0,74,2,C,,,US Gold,127,,,,,,,,,
Apple Pie,Visions,APPLE,75,0,C,,,Visions,128,,,,,,,,,
Dare Devil Dennis,Visions,DDDenis,75,0,C,,,Visions,128,,,,,,,,,
Demolator,Visions,DemoLdr,75,0,C,,,Visions,128,,,,,,,,,
Digger,Visions,DIGGER,75,0,C,,,Visions,128,,,,,,,,,
Galaxy Raiders,Visions,GALRAID,75,0,C,,,Visions,128,,,,,,,,,
HuBert,Visions,HUBERT,75,0,C,,,Visions,128,,,,,,,,,
Nifty Lifty,Visions,NIFTY,75,0,C,,,Visions,128,,,,,,,,,
Pengi,Visions,Pengi,75,0,C,,,Visions,128,,,,,,,,,
Snooker,Visions,SNOOKER,75,0,C,,,Visions,128,,,,,,,,,
Warlord Of Doom,Visions,WAR,75,0,C,,,Visions,128,,,,,,,,,
Worst Witch,Sherston Software,WWITCH,76,0,C,,,Sherston Software,129,,,,,,,,,
Stig of the Dump,Sherston Software,!BOOT,76,2,S,,,Sherston Software,130,,,,,,,,,
Selladore Tales Black River Quest,Sherston Software,MENU,77,0,C,Black River Quest,,Sherston Software,131,,,,,,,,,
Ogles,Games Machine,ARWEBB,80,0,C,,,Games Machine,132,,,,,,,,,
Invaders,Ganymede Systems,INVADER,80,0,C,,,Ganymede Systems,132,,,,,,,,,
PocMan,Ganymede Systems,POCMAN,80,0,C,,,Ganymede Systems,132,,,,,,,,,
Tennis,Ganymede Systems,TENNIS,80,0,C,,,Ganymede Systems,132,,,,,,,,,
Dominoes,Garland Computing,DOMINOS,80,0,C,Dominos,,Garland Computing,132,,,,,,,,,
PyramidAndCasino,Garland Computing,CARDS,80,0,C,Cards,,Garland Computing,132,,,,,,,,,
TraditionalBoardGames,Garland Computing,TRADITS,80,0,C,Board games,,Garland Computing,132,,,,,,,,,
Breakout,Ganymede Systems,BREAKOU,80,2,C,,,Ganymede Systems,133,,,,,,,,,
WordSquare,Garland Computing,WORDSQU,80,2,C,Word Squares,,Garland Computing,133,,,,,,,,,
Tank Attack,GEM,TANK,80,2,c,,,GEM,133,,,,,,,,,
Caterpillar,Gemini,CATERPI,80,2,C,,,Gemini,133,,,,,,,,,
Liberator,Gemini,TGMLOAD,80,2,C,,,Gemini,133,,,,,,,,,
Greedy Dwarf,Goldstar,ARFA,80,2,C,,,Goldstar,133,,,,,,,,,
Kourtyard,GoDax,KOURTYA,81,0,C,,,GoDax,134,,,,,,,,,
Skirmish,GoDax,SKRMISH,81,0,C,,,GoDax,134,,,,,,,,,
Footballer Of The year,Gremlin Graphics,FOTY,81,0,C,,,Gremlin Graphics,134,,,,,,,,,
Krakout,Gremlin Graphics,KRACKOUT,81,0,C,,,Gremlin Graphics,134,,,,,,,,,
Starclash,Gremlin Graphics,CLASH,81,0,C,,,Gremlin Graphics,134,,,,,,,,,
Island Adventure,GlengarySoft,ISLLOAD,81,2,C,Island Adv.,,Glengary Soft,135,,,,,,,,,
Microquest,GlengarySoft,MICROQU,81,2,C,,,Glengary Soft,135,,,,,,,,,
Sorcerers Kingdom,GlengarySoft,SORCERR,81,2,C,,,Glengary Soft,135,,,,,,,,,
Hexa15,Golem,HEXA15,81,2,C,,,Golem,135,,,,,,,,,
Katakombs,Golem,KATAKOM,81,2,C,,,Golem,135,,,,,,,,,
Reverse,Golem,REVERSE,81,2,C,,,Golem,135,,,,,,,,,
Super Life,Golem,SL!MENU,81,2,C,,,Golem,135,,,,,,,,,
Minefield,Graphic Research,MF1,81,2,C,,,Graphic Research,135,,,,,,,,,
Orbit Zero,Graphic Research,ORBIT,81,2,C,,,Graphic Research,135,,,,,,,,,
Billiards,H&H Software,BILLIAR,82,0,C,,,H&H Software,136,,,,,,,,,
Chemiplant,H&H Software,CHEM,82,0,C,,,H&H Software,136,,,,,,,,,
Looney Lift,H&H Software,LOONEY,82,0,C,,,H&H Software,136,,,,,,,,,
GreatBritainLtd,Hessel,GBLTD,82,0,S,,,Hessel,136,,,,,,,,,
Inheritance,Hessel,INHERIT,82,0,S,,,Hessel,136,,,,,,,,,
World Travel Game,Hessel,TRAVEL,82,0,S,,,Hessel,136,,,,,,,,,
Evening Star,Hewson Consultants,ESTAR-L,82,0,C,,,Hewson Consult.,136,,,,,,,,,
Fantasia Diamond,Hewson Consultants,FANTASI,82,0,C,,,Hewson Consult.,136,,,,,,,,,
Heathrow ATC,Hewson Consultants,HEATHRO,82,0,C,,,Hewson Consult.,136,,,,,,,,,
Five In A Row,Hill MacGibbon,FR1-1,82,0,C,,,Hill MacGibbon,136,,,,,,,,,
Astroblaster,HiTech,ASTRO,82,0,C,,,HiTech,136,,,,,,,,,
Escape from Orion,Hopesoft,ORION,82,0,C,,,Hopesoft,136,,,,,,,,,
Druids Circle,Hollsoft,DRUID,82,2,C,,,Hollsoft,137,,,,,,,,,
Fire Island,Hollsoft,FIRE,82,2,C,,,Hollsoft,137,,,,,,,,,
Mission XP2,Hollsoft,XP2,82,2,C,,,Hollsoft,137,,,,,,,,,
Pony Express,Hollsoft,PONY,82,2,C,,,Hollsoft,137,,,,,,,,,
Tomb Of Death,Hollsoft,TOMB,82,2,C,,,Hollsoft,137,,,,,,,,,
Xanadu Adventure,Hopesoft,INSTRUC,82,2,S,Xanadu Adv.,,Hopesoft,137,,,,,,,,,
Pengo,HSoft,Pengo,82,2,C,,,HSoft,137,,,,,,,,,
Pharaos Curse,HSoft,PCURSE,82,2,C,,,HSoft,137,,,,,,,,,
Pontoon,HSoft,PONTOON,82,2,C,,,HSoft,137,,,,,,,,,
BugEyes,Icon,BUGEYES,83,0,C,,,Icon,138,,,,,,,,,
Caveman Capers,Icon,CAVEMAN,83,0,C,,,Icon,138,,,,,,,,,
Contraption,Icon,CONTRA,83,0,C,,,Icon,138,,,,,,,,,
Ultron,Icon,ULTRON,83,0,C,,,Icon,138,,,,,,,,,
Merry Xmas Santa,Icon,SANTA,84,0,C,,,Icon,138,,,,,,,,,
Drain Mania,Icon,DRAIN,83,2,C,,,Icon,139,,,,,,,,,
Flip!,Icon,FLIP!,83,2,C,,,Icon,139,,,,,,,,,
Frankenstein 2000,Icon,FRANK2K,83,2,C,,,Icon,139,,,,,,,,,
Space Station Alpha,Icon,SPACE-1,83,2,C,,,Icon,139,,,,,,,,,
Warp 1,Icon,WARPONE,83,2,C,,,Icon,139,,,,,,,,,
Wongo,Icon,WONGO,83,2,C,,,Icon,139,,,,,,,,,
Zorakk The Conqueror,Icon,ZORAKK,83,2,C,,,Icon,139,,,,,,,,,
3D Maze,IJK Software,3DMAZE,85,0,C,,,IJK Software,140,,,,,,,,,
Atlantis,IJK Software,Atlanti,85,0,C,,,IJK Software,140,,,,,,,,,
Beebmunch,IJK Software,Beebmun,85,0,C,,,IJK Software,140,,,,,,,,,
BeepBeeb,IJK Software,BEEB-BE,85,0,C,,,IJK Software,140,,,,,,,,,
Bouncing Bomb Chase,IJK Software,BOUNCE,85,0,C,,,IJK Software,140,,,,,,,,,
Breakout,IJK Software,BREAKOU,85,0,C,,,IJK Software,140,,,,,,,,,
Candy Floss,IJK Software,CANDYFL,85,0,C,,,IJK Software,140,,,,,,,,,
Caterpillar,IJK Software,CATERPI,85,0,C,,,IJK Software,140,,,,,,,,,
Family Games,IJK Software,FAMILY,85,0,C,,,IJK Software,140,,,,,,,,,
FiveASideFootball,IJK Software,FTBALL,85,0,C,Five-a-side,,IJK Software,140,,,,,,,,,
Flags,IJK Software,FLAGS,85,0,C,,,IJK Software,140,,,,,,,,,
Hyperdrive,IJK Software,Hyperdr,85,0,C,,,IJK Software,140,,,,,,,,,
Leapfrog,IJK Software,LEAPFRO,85,0,C,,,IJK Software,140,,,,,,,,,
Invaders,IJK Software,INVADER,85,2,S,,,IJK Software,141,,,,,,,,,
Mutant Invaders,IJK Software,MUTANT,85,2,C,,,IJK Software,141,,,,,,,,,
Patience,IJK Software,PATIENC,85,2,C,,,IJK Software,141,,,,,,,,,
Pegleg,IJK Software,PEGLEG,85,2,C,,,IJK Software,141,,,,,,,,,
Pontoon,IJK Software,Pontoon,85,2,C,,,IJK Software,141,,,,,,,,,
Quest for Freedom,IJK Software,QFF,85,2,C,,,IJK Software,141,,,,,,,,,
Roulette,IJK Software,ROULET,85,2,C,,,IJK Software,141,,,,,,,,,
StarTrek,IJK Software,STARINS,85,2,C,,,IJK Software,141,,,,,,,,,
Stratobomber,IJK Software,STRATOB,85,2,C,,,IJK Software,141,,,,,,,,,
SuperHangman,IJK Software,SUPERHA,85,2,C,,,IJK Software,141,,,,,,,,,
Zap,IJK Software,ZAPMENU,85,2,C,,,IJK Software,141,,,,,,,,,
1984,Incentive,1984,86,0,C,,,Incentive,142,,,,,,,,,
Alien from outer space,Incentive,ALNSLo,86,0,C,,,Incentive,142,,,,,,,,,
Confuzion,Incentive,CONINST,86,0,C,,,Incentive,142,,,,,,,,,
Dragons Tooth,Incentive,DRAGON,86,0,C,,,Incentive,142,,,,,,,,,
Mooncresta,Incentive,CRESTAL,86,0,C,,,Incentive,142,,,,,,,,,
Winter Wonderland,Incentive,WINTER,86,2,C,,,Incentive,143,,,,,,,,,
Birdies,Inspiring Software,BIRDIES,87,0,C,,,Inspiring Soft.,144,,,,,,,,,
Diamonds,Inspiring Software,DIAMOND,87,0,C,,,Inspiring Soft.,144,,,,,,,,,
Mancala,Inspiring Software,MANCALA,87,0,C,,,Inspiring Soft.,144,,,,,,,,,
Noughts Crosses,Inspiring Software,OXO,87,0,C,,,Inspiring Soft.,144,,,,,,,,,
Arabian Nights,Interceptor,TALES,87,0,C,,,Interceptor,144,,,,,,,,,
Space Intruders,Interceptor,INTRUDE,87,0,C,,,Interceptor,144,,,,,,,,,
Battle Planet,ISP Marketing Ltd,BATTLE,87,0,C,,,ISP Marketing Ltd,144,,,,,,,,,
Monsters Magic,ISP Marketing Ltd,MonMag,87,0,C,,,ISP Marketing Ltd,144,,,,,,,,,
Avaunting,Ixion Software,AVAUNT,87,0,C,,,Ixion Software,144,,,,,,,,,
Miner,Ixion Software,MINER,87,0,C,,,Ixion Software,144,,,,,,,,,
Froggy,JSD Software,FROGGL,87,0,C,,,JSD Software,144,,,,,,,,,
Battlezone Six,Kansas City Systems,BZS,88,0,C,,,Kansas City Sys.,145,,,,,,,,,
Bomber Scramble,Kansas City Systems,Bombr1,88,0,S,,,Kansas City Sys.,145,,,,,,,,,
Cosmic Fighter,Kansas City Systems,COSMIC,88,0,C,,,Kansas City Sys.,145,,,,,,,,,
Dracula Island,Kansas City Systems,DracIsl,88,0,C,,,Kansas City Sys.,145,,,,,,,,,
F For Freddie,Kansas City Systems,FREDDIE,88,0,C,,,Kansas City Sys.,145,,,,,,,,,
Fighter Pilot,Kansas City Systems,FPILOT,88,0,C,,,Kansas City Sys.,145,,,,,,,,,
Five Spheres Of Goliath,Kansas City Systems,SPHERES,88,0,C,Five Spheres,,Kansas City Sys.,145,,,,,,,,,
Galactic Firebird,Kansas City Systems,Fbird,88,0,C,,,Kansas City Sys.,145,,,,,,,,,
Harlequin,Kansas City Systems,HAR,88,0,C,,,Kansas City Sys.,145,,,,,,,,,
Loony Loco,Kansas City Systems,Loony,88,0,C,,,Kansas City Sys.,145,,,,,,,,,
Magic Adventure 1,Kansas City Systems,MAGICAD,88,0,C,Magic Adventure,,Kansas City Sys.,145,,,,,,,,,
Munchman,Kansas City Systems,MUNCHM,88,0,C,,,Kansas City Sys.,145,,,,,,,,,
Revenge Of Zor,Kansas City Systems,ROZ,88,0,C,,,Kansas City Sys.,145,,,,,,,,,
Moon Buggy,Kansas City Systems,MBUGGY,88,2,C,,,Kansas City Sys.,146,,,,,,,,,
Pinball Arcade,Kansas City Systems,PINLOAD,88,2,C,,,Kansas City Sys.,146,,,,,,,,,
Reversi,Kansas City Systems,REVERSEI,88,2,C,,,Kansas City Sys.,146,,,,,,,,,
Ring Of Time,Kansas City Systems,ROT,88,2,C,,,Kansas City Sys.,146,,,,,,,,,
Snake,Kansas City Systems,SNAKE,88,2,C,,,Kansas City Sys.,146,,,,,,,,,
SwordsAndSorcery,Kansas City Systems,SWORDS,88,2,C,Swords & Sorcery,,Kansas City Sys.,146,,,,,,,,,
Tomahawk,Kansas City Systems,THAWK,88,2,C,,,Kansas City Sys.,146,,,,,,,,,
Turbo,Kansas City Systems,TURBO,88,2,C,,,Kansas City Sys.,146,,,,,,,,,
Jigsaw,Kansas City Systems,JIG-PUZ,89,0,C,,,Kansas City Sys.,147,,,,,,,,,
Connect 4,Kaydee Software,CONNET,90,0,C,,,Kaydee Software,148,,,,,,,,,
Pass Go,Kaydee Software,PASSGO,90,0,C,,,Kaydee Software,148,,,,,,,,,
House Of Horrors,KayEss,HORROR,90,0,C,,,KayEss,148,,,,,,,,,
Chicane,Kempston,CHICKNE1,90,0,C,,,Kempston,148,,,,,,,,,
Antix,Krypton Force,ANTIX,90,0,C,,,Krypton Force,148,,,,,,,,,
Cluedo,Leisure Genius,CLUEDO,91,0,C,,,Leisure Genius,149,,,,,,,,,
Kensington,Leisure Genius,KENSING,91,0,C,,,Leisure Genius,149,,,,,,,,,
Monopoly,Leisure Genius,MONOPOL,91,0,C,,,Leisure Genius,149,,,,,,,,,
Scrabble,Leisure Genius,SCRABBL,91,0,C,,,Leisure Genius,149,,,,,,,,,
Blockbusters,Macsen,BLOCKB,92,0,C,,,Macsen,150,,,,,,,,,
Countdown,Macsen,COUNTD0,92,0,C,,,Macsen,150,,,,,,,,,
Treasure Hunt,Macsen,GAME,92,0,C,,,Macsen,150,,,,,,,,,
Bullseye,Macsen,BULLY,92,2,C,,,Macsen,151,,,,,,,,,
Gold Run,Macsen,GOLDRUN,92,2,C,,,Macsen,151,,,,,,,,,
Brian Jacks Superstar Challenge,Martech,BRIAN,93,0,C,,,Martech,152,,,,,,,,,
Eddie Kidd Jump Challenge,Martech,EDDIE,93,0,C,,,Martech,152,,,,,,,,,
Galaxy Conflict,Martech,GALAXY,93,0,C,,,Martech,152,,,,,,,,,
Geoff Capes StrongMan,Martech,GCAPES,93,0,C,,,Martech,152,,,,,,,,,
Legend Of Tarzan,Martech,TARZ,93,0,C,,,Martech,152,,,,,,,,,
MegaApocalypse,Martech,MEGAPOC,93,0,C,,,Martech,152,,,,,,,,,
SamanthaFoxStripPoker,Martech,SFP,93,2,C,Sam Fox Strip Poker,,Martech,153,,,,,,,,,
WAR,Martech,WAR,93,2,C,,,Martech,153,,,,,,,,,
XOR,Logotron,XOR,94,0,C,,,Logotron,154,,,,,,,,,
XOR Procyons Mazes,Logotron,XORPROC,94,0,C,,,Logotron,154,,,,,,,,,
XOR Designer,Logotron,XORDES,94,2,S,,,Logotron,155,,,,,,,,,
Plane Crash,Labyrinth,PCLOAD,95,0,C,,,Labyrinth,156,,,,,,,,,
Million Mazes,LCL,SQUARE,95,0,C,,,LCL,156,,,,,,,,,
SirFrancisDrakeAdventureGame,LCL,DRAKE,95,0,C,Sir Francis Drake,,LCL,156,,,,,,,,,
Annabel Gray,Lee Software,ANNABEL,95,0,C,,,Lee Software,156,,,,,,,,,
In Search Of Atahaulpa,Lee Software,ISO,95,0,C,,,Lee Software,156,,,,,,,,,
Braz,LivewireSoftwareLtd,BRAZ,95,2,C,,,Livewire Software,157,,,,,,,,,
FruitCatcher,LivewireSoftwareLtd,FRUIT,95,2,C,,,Livewire Software,157,,,,,,,,,
Colditz,LVL,COLDITZ,95,2,C,,,LVL,157,,,,,,,,,
Hex,Larsoft,LARSOFT,96,0,C,Hex - Legend Of Vianna,,Larsoft,158,,,,,,,,,
NineDancers,Larsoft,LARSOFT,96,0,C,The Nine Dancers,,Larsoft,158,,,,,,,,,
Prophecy,Larsoft,LARSOFT,96,0,C,The Prophecy,,Larsoft,158,,,,,,,,,
PuppetMan,Larsoft,LARSOFT,96,0,C,The Puppetman,,Larsoft,158,,,,,,,,,
Return Of The Warrior,Larsoft,LARSOFT,96,0,C,,,Larsoft,158,,,,,,,,,
Wychwood,Larsoft,LARSOFT,96,0,C,,,Larsoft,158,,,,,,,,,
Car Maze,Logic Systems,CAR-MAZ,97,0,C,,,Logic Systems,159,,,,,,,,,
Crazy Fruit,Logic Systems,CFRUIT,97,0,C,,,Logic Systems,159,,,,,,,,,
Danger Mower,Logic Systems,MOWER,97,0,C,,,Logic Systems,159,,,,,,,,,
Draughts,Logic Systems,DRAUGHT,97,0,C,,,Logic Systems,159,,,,,,,,,
Mastermind,Logic Systems,MASTERM,97,0,C,,,Logic Systems,159,,,,,,,,,
Ski Run,Logic Systems,SKI-RUN,97,0,C,,,Logic Systems,159,,,,,,,,,
Star Trek,Logic Systems,STARTRE,97,0,C,,,Logic Systems,159,,,,,,,,,
Battlezone 2000,Lothlorien,BZ2,98,0,C,,,Lothlorien,160,,,,,,,,,
Johnny Reb,Lothlorien,REBEL11,98,0,C,,,Lothlorien,160,,,,,,,,,
Paras,Lothlorien,PARAS,98,0,C,,,Lothlorien,160,,,,,,,,,
Redcoats,Lothlorien,REDCOAT,98,0,C,,,Lothlorien,160,,,,,,,,,
Roman Empire,Lothlorien,ROMANEM,98,0,C,,,Lothlorien,160,,,,,,,,,
Special Operations,Lothlorien,SPECOPS,98,0,C,,,Lothlorien,160,,,,,,,,,
Stolen Lamp,Lothlorien,LAMP,98,0,C,,,Lothlorien,160,,,,,,,,,
Waterloo,Lothlorien,WATERLO,98,0,C,,,Lothlorien,160,,,,,,,,,
QEGS Adventure,Mad Rabbit Software,QEGS1,100,0,C,,,MadRabbit Soft.,162,,,,,,,,,
QEGS Adventure II,Mad Rabbit Software,QEGS2,100,0,C,,,MadRabbit Soft.,162,,,,,,,,,
Locks Of Luck,Magus,LOL,100,0,C,,,Magus,162,,,,,,,,,
Whats Eeyores,Magus,EEYORES,100,0,C,,,Magus,162,,,,,,,,,
City Defend,MGB Software,CITIES,100,0,C,,,MGB Software,162,,,,,,,,,
Gobbler,MGB Software,GOBBLER,100,0,C,,,MGB Software,162,,,,,,,,,
RoboBrain,MGB Software,ROBO,100,2,C,,,MGB Software,163,,,,,,,,,
3D Space Ranger,Microbyte,RANGER,100,2,C,,,Microbyte,163,,,,,,,,,
Arcade Pinball,Microbyte,PINBALL,100,2,C,,,Microbyte,163,,,,,,,,,
ErBert,Microbyte,ERBERT,100,2,C,,,Microbyte,163,,,,,,,,,
Reversi,Microbyte,REVERSI,100,2,C,,,Microbyte,163,,,,,,,,,
AirTrafficControlSimulator,Microdeal,ATC,100,2,C,ATC Sim,,Microdeal,163,,,,,,,,,
Arena 3000,Microdeal,ARENA,100,2,C,,,Microdeal,163,,,,,,,,,
ShuttleSimulator,Microdeal,SHUTTLE,100,2,C,Shuttle Sim,,Microdeal,163,,,,,,,,,
DodgeEm,Microgame,DODGEM,100,2,C,,,Microgame,163,,,,,,,,,
Pearl Harbour,Microgame,PEARL-L,100,2,C,,,Microgame,163,,,,,,,,,
Satans Challenge or Nevil Rides Out,Microtest,SATAN,100,2,C,,,Microtest,163,,,,,,,,,
Galactic Patrol,Mastertronic,GALAXY,101,0,C,Galaxy Patrol,,Mastertronic,164,,,,,,,,,
Kane,Mastertronic,KANE,101,0,C,,,Mastertronic,164,,,,,,,,,
Spectipede,Mastertronic,SPEC,101,0,C,,,Mastertronic,164,,,,,,,,,
Star Maze II,Mastertronic,SMAZE,101,0,C,,,Mastertronic,164,,,,,,,,,
Thunderball,Mastertronic,TBALL,101,0,C,,,Mastertronic,164,,,,,,,,,
Vegas Jackpot,Mastertronic,VEGAS,101,0,C,,,Mastertronic,164,,,,,,,,,
Walk The Plank,Mastertronic,PLANK,101,0,C,,,Mastertronic,164,,,,,,,,,
Classic Adventure,Melborne House,CLASSIC,102,0,C,,,Melborne House,165,,,,,,,,,
Demo Adventure,Melborne House,DEMOADV,102,0,C,,,Melborne House,165,,,,,,,,,
Dodgy Geezers,Melborne House,GEEZERS,102,0,C,,,Melborne House,165,,,,,,,,,
Gyroscope,Melborne House,GYROSCO,102,0,C,,,Melborne House,165,,,,,,,,,
Hampstead,Melborne House,HAMPSTD,102,0,C,,,Melborne House,165,,,,,,,,,
Terrormolinos,Melborne House,TERROR,102,0,C,,,Melborne House,165,,,,,,,,,
Way Of The Exploding Fist,Melborne House,WAY,102,0,C,,,Melborne House,165,,,,,,,,,
The Lord Of The Rings,Melborne House,LOTR,103,0,C,,,Melborne House,165,,,,,,,,,
The Hobbit,Melborne House,HOBBIT,103,2,C,,,Melborne House,166,,,,,,,,,
Caesar The Cat,Mirrorsoft,CAESAR,104,0,C,,,Mirrorsoft,167,,,,,,,,,
Hi Bouncer,Mirrorsoft,BOUNCER,104,0,C,,,Mirrorsoft,167,,,,,,,,,
Spitfire 40,Mirrorsoft,SP40,104,0,C,,,Mirrorsoft,167,,,,,,,,,
Strike Force Harrier,Mirrorsoft,STRIKE,104,0,C,,,Mirrorsoft,167,,,,,,,,,
Tetris,Mirrorsoft,TETRIS,104,0,C,,,Mirrorsoft,167,,,,,,,,,
Espionage,Modular Resources Software,INTRO,105,0,C,,,Modular Resources,168,,,,,,,,,
Emperor,Molymerx,Emperor,105,0,C,,,Molymerx,168,,,,,,,,,
Fairytale Adventure,Molymerx,FAIRYTL,105,0,C,,,Molymerx,168,,,,,,,,,
WIlliam The Conqueror,Molymerx,WILLIAM,105,0,C,,,Molymerx,168,,,,,,,,,
Pen and The Dark,Mosaic Publishing Ltd,PENDARK,105,0,C,,,Mosaic Publ.,168,,,,,,,,,
Jumbo,Molymerx,JUMBO,105,2,C,,,Molymerx,169,,,,,,,,,
Yes Prime Minister,Mosaic Publishing Ltd,YPM,105,2,C,,,Mosaic Publ.,169,,,,,,,,,
FSS Liberator,Nebulae,LIBERAT,107,0,C,,,Nebulae,170,,,,,,,,,
Beeb Invaders,Niblesoft,INVADER,107,0,C,,,Niblesoft,170,,,,,,,,,
Bandits,Oak Software,BANDITS,108,0,C,,,Oak Software,171,,,,,,,,,
Bouncing Bill,Oak Software,BOUNCIN,108,0,C,,,Oak Software,171,,,,,,,,,
Saint,Oak Software,SAINT,108,0,C,,,Oak Software,171,,,,,,,,,
Space Shuttle Pilot,OakleafComputers,SHUTTLE,108,0,C,,,Oakleaf Comps.,171,,,,,,,,,
Aces High,Oasis Software,ACES,108,0,C,,,Oasis Software,171,,,,,,,,,
Daley Thompsons Super Test,Ocean,SUPERTE,108,0,C,,,Ocean,171,,,,,,,,,
Eyes,Ocean,Eyes,108,0,C,,,Ocean,171,,,,,,,,,
Mr Wimpy,Ocean,WIMPY,108,0,C,,,Ocean,171,,,,,,,,,
Match Day,Ocean,MATCH,108,2,C,,,Ocean,172,,,,,,,,,
Fruity,Odyssey Software,FRUITY,108,2,C,,,Odyssey Software,172,,,,,,,,,
Counter Attack,OIC,CNTATK,108,2,C,,,OIC,172,,,,,,,,,
Sixers,OIC,SIXERS,108,2,C,,,OIC,172,,,,,,,,,
Wheeler Dealer,OIC,WHEELER,108,2,C,,,OIC,172,,,,,,,,,
Asteroid Miner,Optima,ASTMINE,109,0,C,,,Optima,173,,,,,,,,,
Atomic Protector,Optima,ATOMPRO,109,0,C,,,Optima,173,,,,,,,,,
Bed Bugs,Optima,BEDBUGS,109,0,C,,,Optima,173,,,,,,,,,
Omega Probe,Optima,OMEGAPR,109,0,C,,,Optima,173,,,,,,,,,
Sea Wolf,Optima,SEAWOLF,109,0,C,,,Optima,173,,,,,,,,,
Land Of Tezrel,Omen,TEZREL,110,0,C,,,Omen,174,,,,,,,,,
Bomber Baron,Optyx Software,BARON,110,0,C,,,Optyx Software,174,,,,,,,,,
Dogfight,Opus,DOGF01,110,0,C,,,Opus,174,,,,,,,,,
Maze in Space,Opus,MAZE01,110,0,C,,,Opus,174,,,,,,,,,
Banished Prince,Orbit,BAN-1,110,0,C,,,Orbit,174,,,,,,,,,
Star Hawks,Orion,HAWKS,110,0,C,,,Orion,174,,,,,,,,,
Fortress,Pace,FORTRESS,111,0,C,,,Pace,175,,,,,,,,,
Skyhawk,Pace,SKYHAWK,111,0,C,,,Pace,175,,,,,,,,,
Sorcery,Pace,SORCERY,111,0,C,,,Pace,175,,,,,,,,,
Light Cycles,Paean Systems,LIGHTCY,111,0,C,,,Paean Systems,175,,,,,,,,,
Scan,Paean Systems,Scan,111,0,C,,,Paean Systems,175,,,,,,,,,
Evil Dead,Palace,EVIL,111,0,C,,,Palace,175,,,,,,,,,
Bridge Head,Pavillion,BRHEAD,111,0,C,,,Pavillion,175,,,,,,,,,
Sailplane,Pavillion,SAIL,111,0,C,,,Pavillion,175,,,,,,,,,
Boss,Peaksoft,BOSS,111,2,C,,,Peaksoft,176,,,,,,,,,
Champions,Peaksoft,CHAMPS,111,2,C,,,Peaksoft,176,,,,,,,,,
Deaths Head Hole,Peaksoft,DHHLOAD,111,2,C,,,Peaksoft,176,,,,,,,,,
Gulp!,Peaksoft,GULP,111,2,C,,,Peaksoft,176,,,,,,,,,
Ossie,Peaksoft,OSSIE,111,2,C,,,Peaksoft,176,,,,,,,,,
3DeepSpace,Postern,3DSPACE,112,0,C,3D Deep Space,,Postern,177,,,,,,,,,
Firehawks,Postern,FHAWKL,112,0,C,,,Postern,177,,,,,,,,,
Pengwyn,Postern,Pengwyn,112,0,C,,,Postern,177,,,,,,,,,
Shadowfax,Postern,SHADOWF,112,0,C,,,Postern,177,,,,,,,,,
Siege,Postern,SIEGE,112,0,C,,,Postern,177,,,,,,,,,
Snake Pit,Postern,SNAKEPI,112,0,C,,,Postern,177,,,,,,,,,
Xanagrams,Postern,XANGRAM,112,0,C,,,Postern,177,,,,,,,,,
Cute To Kill,Power House,CUTEKIL,113,0,C,,,Power House,178,,,,,,,,,
Hercules,Power House,HERCULE,113,0,C,,,Power House,178,,,,,,,,,
TombOfSyrinx,Power House,SYRINX,113,0,C,,,Power House,178,,,,,,,,,
Icarus,Power House,Load,113,2,C,,,Power House,179,,,,,,,,,
Guardian Of Doomsday,Quest,GOD,114,0,C,,,Quest,180,,,,,,,,,
Drumkit,Quicksilva,DRUMKIT,114,0,C,,,Quicksilva,180,,,,,,,,,
Gate Crasher,Quicksilva,GATE1,114,0,C,,,Quicksilva,180,,,,,,,,,
Mined Out,Quicksilva,MINED,114,0,C,,,Quicksilva,180,,,,,,,,,
MuProc,Quicksilva,MUPROC,114,0,C,,,Quicksilva,180,,,,,,,,,
Protector,Quicksilva,PROLOAD,114,0,C,,,Quicksilva,180,,,,,,,,,
Wizard,Quicksilva,THE-WIZ,114,0,C,The Wizard,,Quicksilva,180,,,,,,,,,
Banjax,Robico,BANJAX,115,0,C,,,Robico,181,,,,,,,,,
Beeline,Robico,BEEB,115,0,C,,,Robico,181,,,,,,,,,
Island Of Xaan,Robico,IOXAAN,115,0,C,,,Robico,181,,,,,,,,,
Stranded,Robico,STRAND,115,0,C,,,Robico,181,,,,,,,,,
Village Of lost Souls,Robico,VILLAGE,115,0,C,,,Robico,181,,,,,,,,,
Blood Of The Mutineers,Robico,MUTINY,115,2,C,,,Robico,182,,,,,,,,,
HuntSearchForShauna,Robico,TheHunt,115,2,C,The Hunt,,Robico,182,,,,,,,,,
Alien Break In,Romik,ABI,117,0,C,,,Romik,183,,,,,,,,,
Atom Smasher,Romik,ATOMSM,117,0,C,,,Romik,183,,,,,,,,,
Birds Of Prey,Romik,BIRDS,117,0,C,,,Romik,183,,,,,,,,,
Caterpillar,Romik,CATER,117,0,C,,,Romik,183,,,,,,,,,
Holy Horrors,Romik,HOLY,117,0,C,,,Romik,183,,,,,,,,,
Shark Attack,Romik,SHARK,117,0,C,,,Romik,183,,,,,,,,,
WeetabixVersusTheTitchies,Romik,WHEETAB,117,0,C,Weetabix Vs The Titchies,,Romik,183,,,,,,,,,
Renegade Robots,Senator,ROBOTS,118,0,C,,,Senator,184,,,,,,,,,
Empire,Shards,EMPIRE,118,0,C,,,Shards,184,,,,,,,,,
Mystery Of The Java Star,Shards,JAVA,118,0,C,,,Shards,184,,,,,,,,,
Pettigrews Diary,Shards,P-DIARY,118,0,C,,,Shards,184,,,,,,,,,
Hangman,Sigma Soft,HANGMAN,118,0,C,,,Sigma Soft,184,,,,,,,,,
Video Classics,Silverbird,CLASSIC,118,0,C,,,Silverbird,184,,,,,,,,,
Galilee,Shards,GALILEE,118,2,C,,,Shards,185,,,,,,,,,
Operation Safras,Shards,OPSAFR,118,2,C,,,Shards,185,,,,,,,,,
Whoopsy,Shards,WHOOPSY,118,2,C,,,Shards,185,,,,,,,,,
Woodbury End,Shards,WOOD,118,2,C,,,Shards,185,,,,,,,,,
ArcPinball,Shibumi Soft,BOOT1,119,0,C,,,Shibumi Soft,186,,,,,,,,,
Honeybug,Silverlind,HONEY,119,2,C,,,Silverlind,187,,,,,,,,,
Passport To Death,Silverlind,PASSPOR,119,2,C,,,Silverlind,187,,,,,,,,,
Pentiles,Silverlind,PENTINS,119,2,C,,,Silverlind,187,,,,,,,,,
Towntest,Silverlind,TOWNTES,119,2,C,,,Silverlind,187,,,,,,,,,
Castaway,Simonsoft,ISLAND,119,2,C,,,Simonsoft,187,,,,,,,,,
Purple Crystal Of The Heavens,Soft Rock Software,PURPLE,119,2,C,,,SoftRock Software,187,,,,,,,,,
Sacred Pyramid,Soft Rock Software,SACRED,119,2,C,,,SoftRock Software,187,,,,,,,,,
Eye Of Zolton,Softek,EYE,119,2,C,,,Softek,187,,,,,,,,,
Five Stones Of Anadon,Softek,ANADON,119,2,C,,,Softek,187,,,,,,,,,
Crypt Capers,Software Projects,CCAPERS,120,0,C,,,Software Projects,188,,,,,,,,,
Ewgeebez,Software Projects,EWGEEBZ,120,0,C,,,Software Projects,188,,,,,,,,,
Karls Cavern,Software Projects,KARL,120,0,C,,,Software Projects,188,,,,,,,,,
Ledgeman,Software Projects,Ledge,120,0,C,,,Software Projects,188,,,,,,,,,
Manic Miner,Software Projects,Manic,120,0,C,,,Software Projects,188,,,,,,,,,
Nutcraka,Software Projects,NCRACKR,120,0,C,,,Software Projects,188,,,,,,,,,
Gateway To The Skies,Solar Soft,GATEWAY,120,0,C,,,Solar Soft,188,,,,,,,,,
Nightmare,Southway Software,NIGHTMR,120,0,C,,,Southway Software,188,,,,,,,,,
Bun Fun,Squirrel Software,BUNFUN,120,0,C,,,Squirrel Software,188,,,,,,,,,
Legion Adventure,Software Projects,LEGION,120,2,C,,,Software Projects,189,,,,,,,,,
Lode Runner,Software Projects,LODERUN,120,2,C,,,Software Projects,189,,,,,,,,,
Manic Miner 2021,Software Projects,MANIC20,120,2,S,,,Software Projects,189,,,,,,,,,
Super Golf,Squirrel Software,GOLF,120,2,C,,,Squirrel Software,189,,,,,,,,,
Savage Pond,Starcade,SAVAGE,120,2,C,,,Starcade,189,,,,,,,,,
Bee Beater,Sulis Software,BBEATER,120,2,C,,,Sulis Software,189,,,,,,,,,
Darts,Statasoft,DARTS,121,0,C,,,Statasoft,190,,,,,,,,,
Ludo,Statasoft,LUDO,121,0,C,,,Statasoft,191,,,,,,,,,
Pentominoes,Statasoft,pent,121,0,C,,,Statasoft,191,,,,,,,,,
Poker Dice,Statasoft,POKER,121,0,C,,,Statasoft,191,,,,,,,,,
Flight Path,Storm Software,FLIGHT,121,0,C,,,Storm Software,191,,,,,,,,,
Lazer Cycle,System 3,LC,121,0,C,,,System 3,191,,,,,,,,,
Crazy Caves,Swift,CRAZY,121,2,C,,,Swift,192,,,,,,,,,
Diamonds,Swift,DIMOND,121,2,C,,,Swift,192,,,,,,,,,
Prison,Swift,PRISON,121,2,C,,,Swift,192,,,,,,,,,
Scramble,Swift,SCRAM,121,2,C,,,Swift,192,,,,,,,,,
Sub Strike,TDS,SUBSTRI,122,0,C,,,TDS,193,,,,,,,,,
Blocker,Thor,BLOCKER,122,0,C,,,Thor,193,,,,,,,,,
Desperate Dans Dungeon,Thor,DAN1,122,0,C,,,Thor,193,,,,,,,,,
Painter,Thor,PAINTER,122,0,C,,,Thor,193,,,,,,,,,
Wonderworm,Thor,WWORM,122,0,C,,,Thor,193,,,,,,,,,
Sim,Viper,SIM,122,0,C,,,Viper,193,,,,,,,,,
Ultron,Viper,ULTRON,122,0,C,,,Viper,193,,,,,,,,,
Secret River,Triffid Software Research,CHOOSE,122,2,C,,,Triffid Software,194,,,,,,,,,
Paranoid Pete,Ubik,PETE,122,2,C,,,Ubik,194,,,,,,,,,
Monster Mash,Unicorn Software,MONSTER,122,2,C,,,Unicorn Software,194,,,,,,,,,
Forbidden Fruit,Voyager Software,FFruit1,122,2,C,,,Voyager Software,194,,,,,,,,,
Crawler,Watford Electronics,CRAWLER,122,2,C,,,Watford Elect.,194,,,,,,,,,
Grid Cycle,Watford Electronics,GRIDCYC,122,2,C,,,Watford Elect.,194,,,,,,,,,
Infinity,White Panther,INFINIT,123,0,C,,,White Panther,195,,,,,,,,,
Brainstorm,Virgin Games,BRAINS,124,0,C,,,Virgin Games,196,,,,,,,,,
BugBomb,Virgin Games,BUGBOMB,124,0,C,,,Virgin Games,196,,,,,,,,,
Bugs,Virgin Games,BUGS,124,0,C,,,Virgin Games,196,,,,,,,,,
Checkout,Virgin Games,CHECK,124,0,C,,,Virgin Games,196,,,,,,,,,
Chieftain,Virgin Games,CHIEFTA,124,0,C,,,Virgin Games,196,,,,,,,,,
Cruncher,Virgin Games,CRUNCHR,124,0,C,,,Virgin Games,196,,,,,,,,,
Jungle Jive,Virgin Games,JJIVE,124,0,C,,,Virgin Games,196,,,,,,,,,
Maze Man,Virgin Games,M-MAN,124,0,C,,,Virgin Games,196,,,,,,,,,
Microbe,Virgin Games,MICROBE,124,0,C,,,Virgin Games,196,,,,,,,,,
NocABloc,Virgin Games,NOC,124,0,C,,,Virgin Games,196,,,,,,,,,
Owzat,Virgin Games,TEAMPIC,124,0,C,,,Virgin Games,196,,,,,,,,,
Plankwalk,Virgin Games,PLANK,124,0,C,,,Virgin Games,196,,,,,,,,,
Sea Adventure,Virgin Games,SEAADV,124,0,C,,,Virgin Games,196,,,,,,,,,
Sinbad,Virgin Games,SINBAD,124,0,C,,,Virgin Games,196,,,,,,,,,
High Rise Horror,Virgin Games,HRHORRR,124,2,C,,,Virgin Games,197,,,,,,,,,
Trench,Virgin Games,TRENCH,124,2,C,,,Virgin Games,197,,,,,,,,,
Cavey,Players,CAVEY,125,0,C,,,Players,198,,,,,,,,,
Joe Blade,Players,BLADE,125,0,C,,,Players,198,,,,,,,,,
Joe Blade II,Players,BLADE2,125,0,C,,,Players,198,,,,,,,,,
Killapede,Players,KILLAPE,125,0,C,,,Players,198,,,,,,,,,
Shanghai Warriors,Players,SHAN,125,0,C,,,Players,198,,,,,,,,,
Subway Vigilante,Players,SUBWAY,125,0,C,,,Players,198,,,,,,,,,
3D Snooker,Players,3DSNOOK,125,2,C,,,Players,199,,,,,,,,,
F-14 Tomcat,Players,F14-TOM,125,2,C,,,Players,199,,,,,,,,,
Crosswords,Highlight Software,CLOAD,126,0,S,,,Highlight Software,200,,,,,,,,,
Glider Pilot,Apex,GLDRPLT,127,0,C,,,Apex,201,,,,,,,,,
Glider Pilot 2,Apex,GLDRPL2,127,0,C,,,Apex,201,,,,,,,,,
Head Coach V3,Coda,INIT,128,0,C,,,Coda,202,,,,,,,,,
Head Coach Deluxe,Coda,INIT,128,2,C,,,Coda,203,,,,,,,,,
DreamTime,Heyley Software,Dream,129,0,C,,,Heyley Software,204,,,,,,,,,
Pirates Peril,Heyley Software,Pirate,129,2,C,,,Heyley Software,205,,,,,,,,,
Stranded,Heyley Software,Strand,130,0,C,,,Heyley Software,206,,,,,,,,,
Taroda Scheme,Heyley Software,INSTRUC,130,2,S,,,Heyley Software,207,,,,,,,,,
Ultimate Prize,Heyley Software,Prize,131,0,C,,,Heyley Software,208,,,,,,,,,
Auf Wiedersehen Pet,Tynesoft,AUF,132,0,C,,,Tynesoft,209,,,,,,,,,
Goal,Tynesoft,GOAL,132,0,C,,,Tynesoft,209,,,,,,,,,
Ian Bothams Test Match,Tynesoft,IBLOAD,132,0,C,,,Tynesoft,209,,,,,,,,,
Jet Set Willy 1,Tynesoft,JSW,132,0,C,Jet Set Willy,,Tynesoft,209,,,,,,,,,
Rig Attack,Tynesoft,RIG,132,0,C,,,Tynesoft,209,,,,,,,,,
Space Caverns,Tynesoft,SPACELD,132,0,C,,,Tynesoft,209,,,,,,,,,
Super Gran The Adventure,Tynesoft,SPRGRN,132,0,C,,,Tynesoft,209,,,,,,,,,
Vindaloo,Tynesoft,VINDA,132,0,C,,,Tynesoft,209,,,,,,,,,
Alphatron,Tynesoft,ALPHA,132,2,C,,,Tynesoft,210,,,,,,,,,
Future Shock,Tynesoft,FSHOCK,132,2,C,,,Tynesoft,210,,,,,,,,,
Jet Set Willy 2,Tynesoft,JSW2L,132,2,C,,,Tynesoft,210,,,,,,,,,
Jet Set Willy 2021,Tynesoft,JSW2021,132,2,S,,,Tynesoft,210,,,,,,,,,
Mouse Trap,Tynesoft,MOUSE-L,132,2,C,,,Tynesoft,210,,,,,,,,,
Commonwealth Games 86,Tynesoft,GAMES86,133,0,C,,,Tynesoft,211,,,,,,,,,
US Drag Racing,Tynesoft,TURBO,133,0,C,,,Tynesoft,211,,,,,,,,,
Winter Olympics,Tynesoft,WINTERL,133,0,C,,,Tynesoft,211,,,,,,,,,
Bozo The Brave,Tynesoft,BOZO1,133,2,C,,,Tynesoft,212,,,,,,,,,
Cylon Invasion,Tynesoft,CYLOAD,133,2,C,,,Tynesoft,212,,,,,,,,,
Kastle,Tynesoft,KASTLE,133,2,C,,,Tynesoft,212,,,,,,,,,
Oxbridge,Tynesoft,OXLOADR,133,2,C,,,Tynesoft,212,,,,,,,,,
Trek II,Tynesoft,TLOADER,133,2,C,,,Tynesoft,212,,,,,,,,,
Big KO,Tynesoft,BOXING,134,0,C,,,Tynesoft,213,,,,,,,,,
Boulderdash,Tynesoft,BOULDER,134,0,C,,,Tynesoft,213,,,,,,,,,
Mega Force,Tynesoft,M-FORCE,134,0,C,,,Tynesoft,213,,,,,,,,,
Spy vs Spy,Tynesoft,SPYVSPY,134,0,C,,,Tynesoft,213,,,,,,,,,
Phantom,Tynesoft,LOADER,134,2,C,,,Tynesoft,214,,,,,,,,,
Saigon,Tynesoft,SAIGON,134,2,C,,,Tynesoft,214,,,,,,,,,
Indoor Sports,Tynesoft,INDOOR,135,0,C,,,Tynesoft,215,,,,,,,,,
Winter Olympiad 88,Tynesoft,WINTERO,135,0,C,Winter Olympiad,,Tynesoft,215,,,,,,,,,
Summer Olympiad,Tynesoft,LOADER,135,2,C,,,Tynesoft,216,,,,,,,,,
Beverly Hills Cop,Tynesoft,BHC,136,0,C,,,Tynesoft,217,,,,,,,,,
Circus Games,Tynesoft,CIRCUS,136,0,S,,,Tynesoft,217,,,,,,,,,
Buffalo Bills Rodeo Games,Tynesoft,RODEO,136,2,C,,,Tynesoft,218,,,,,,,,,
Adventure Quest,Level 9,INSTRUC,137,0,S,,,Level 9,219,,,,,,,,,
Colossal Adventure,Level 9,INSTRUC,137,2,S,,,Level 9,220,,,,,,,,,
Dungeon Adventure,Level 9,INSTRUC,138,0,S,,,Level 9,221,,,,,,,,,
Snowball,Level 9,INSTRUC,138,2,S,,,Level 9,222,,,,,,,,,
Return to Eden,Level 9,INSTRUC,139,0,S,,,Level 9,223,,,,,,,,,
Saga of Erik the Viking,Level 9,INSTRUC,139,2,S,,,Level 9,224,,,,,,,,,
Lords of Time,Level 9,INSTRUC,140,0,S,,,Level 9,225,,,,,,,,,
Red Moon,Level 9,INSTRUC,140,2,S,,,Level 9,226,,,,,,,,,
Emerald Isle,Level 9,INSTRUC,141,0,S,,,Level 9,227,,,,,,,,,
The Archers,Level 9,ARCHER,141,0,C,,,Level 9,228,,,,,,,,,
Worm Paradise,Level 9,INSTRUC,141,2,S,,,Level 9,229,,,,,,,,,
Secret Diary Of Adrian Mole,Level 9,INSTRUC,142,0,S,,dsd,Level 9,230,,,,,,,,,
Growing Pains Of Adrian Mole,Level 9,INSTRUC,143,0,S,,dsd,Level 9,231,,,,,,,,,
Gnome Ranger,Level 9,!BOOT,144,0,S,,dsd,Level 9,232,,,,,,,,,
Knight Orc,Level 9,!BOOT,145,0,S,,dsd,Level 9,233,,,,,,,,,
Ingrids Back,Level 9,!BOOT,146,0,S,,dsd,Level 9,234,,,,,,,,,
Lancelot,Level 9,!BOOT,147,0,S,,dsd,Level 9,235,,,,,,,,,
Time & Magik,Level 9,!BOOT,148,0,S,,dsd,Level 9,236,,,,,,,,,
Scapeghost,Level 9,!BOOT,149,0,S,,dsd,Level 9,237,,,,,,,,,
Shark,Audiogenic,SHARK,21,0,C,,,Audiogenic,238,,,,,,,,,
Ziggy,Audiogenic,ZIGGY,21,0,C,,,Audiogenic,238,,,,,,,,,
Emlyn Hughes Quiz,Audiogenic,HUGHES,21,2,C,,,Audiogenic,239,,,,,,,,,
Loopz,Audiogenic,LOOLOAD,21,2,C,,,Audiogenic,239,,,,,,,,,
Pantry Antics,BBC Soft,PANTRY,23,2,C,,,BBC Soft,240,,,,,,,,,
Doctor Who And The Warlord,BBC Soft,LOAD,24,2,C,DrWho - Warlord,,BBC Soft,240,,,,,,,,,
3D Tanx,DkTronics,TANX,41,0,C,,,DkTronics,241,,,,,,,,,
Dictator,DkTronics,DICTATO,41,0,C,,,DkTronics,241,,,,,,,,,
Proteans,DkTronics,PROTEAN,41,0,C,,,DkTronics,241,,,,,,,,,
Slicker Puzzle,DkTronics,SLICKER,41,0,C,,,DkTronics,241,,,,,,,,,
SubKiller,DkTronics,SUBKR1,41,0,C,,,DkTronics,241,,,,,,,,,
Superfruit,DkTronics,SFRUIT,41,0,C,,,DkTronics,241,,,,,,,,,
Computer Maniacs Diary 1989,Domark,INTRO,43,2,C,Computer Maniacs Diary,,Domark,242,,,,,,,,,
Klax,Domark,KLOADER,43,2,C,,,Domark,242,,,,,,,,,
Chrysalis,Icon,CHRSLDR,84,2,C,,,Icon,243,,,,,,,,,
Blockbuster,Micropower,BLOCK,54,2,C,,,Micropower,244,,,,,,,,,
Caveman Adventure,Micropower,CAVE,54,2,S,,,Micropower,244,,,,,,,,,
Roundheads And Cavaliers,Lothlorien,RNHDI,99,0,C,,,Lothlorien,244,,,,,,,,,
World War 1,Lothlorien,INTRO,99,2,C,,,Lothlorien,245,,,,,,,,,
Predator,Superior Software & Acornsoft,PRED,65,2,C,,,Superior&Acornsoft,246,,,,,,,,,
Rick Hanson Trilogy,Robico,MENU,116,0,C,,,Robico,247,,,,,,,,,
